genus,genus_lower,observed_in_canada,ectomycorrhiza_lineage_template,ectomycorrhiza_exploration_type_template
Indoporus,indoporus,FALSE,NA,NA
Ionosporus,ionosporus,FALSE,NA,NA
Longistriata,longistriata,FALSE,NA,NA
Spongispora,spongispora,FALSE,NA,NA
Geomorium,geomorium,FALSE,/tuber-helvella,unknown
Cenococcum,cenococcum,TRUE,/cenococcum,short-distance_coarse
Elaphomyces,elaphomyces,TRUE,/elaphomyces,short-distance_delicate
Pseudotulostoma,pseudotulostoma,FALSE,/elaphomyces,short-distance_delicate
Phaeohelotium,phaeohelotium,TRUE,/phaeohelotium,short-distance_delicate
Leotia,leotia,TRUE,/leotia,short-distance_delicate
Fischerula,fischerula,FALSE,/leucangium,contact
Gymnohydnotrya,gymnohydnotrya,FALSE,/tuber-helvella,unknown
Hydnotrya,hydnotrya,TRUE,/hydnotrya,contact
Kalapuya,kalapuya,FALSE,/leucangium,contact
Leucangium,leucangium,TRUE,/leucangium,contact
Acetabula,acetabula,FALSE,/tuber-helvella,contact
Balsamia,balsamia,TRUE,/tuber-helvella,contact
Barssia,barssia,TRUE,/tuber-helvella,contact
Helvella,helvella,TRUE,/tuber-helvella,contact
Underwoodia,underwoodia,FALSE,/tuber-helvella,unknown
Wynnella,wynnella,FALSE,/tuber-helvella,contact
Amylascus,amylascus,FALSE,/pachyphloeus-amylascus,short-distance_coarse
Cazia,cazia,FALSE,/terfezia-peziza_depressa,short-distance_coarse
Delastria,delastria,TRUE,/marcelleina-peziza_gerardii,unknown
Galactinia,galactinia,FALSE,/galactinia,contact
Glischroderma,glischroderma,FALSE,/pachyphloeus-amylascus,short-distance_coarse
Hydnobolites,hydnobolites,TRUE,/marcelleina-peziza_gerardii,unknown
Hydnoplicata,hydnoplicata,FALSE,/terfezia-peziza_depressa,short-distance_coarse
Hydnotryopsis,hydnotryopsis,FALSE,/sarcosphaera-hydnotryopsis,unknown
Imaia,imaia,FALSE,/leucangium,contact
Luteoamylascus,luteoamylascus,FALSE,/pachyphloeus-amylascus,short-distance_coarse
Marcelleina,marcelleina,FALSE,/marcelleina-peziza_gerardii,unknown
Muciturbo,muciturbo,FALSE,/terfezia-peziza_depressa,short-distance_coarse
Mycoclelandia,mycoclelandia,FALSE,/terfezia-peziza_depressa,short-distance_coarse
Pachyphlodes,pachyphlodes,TRUE,/pachyphloeus-amylascus,short-distance_coarse
Pachyphloeus,pachyphloeus,FALSE,/pachyphloeus-amylascus,short-distance_coarse
Plicariella,plicariella,FALSE,/pachyphloeus-amylascus,short-distance_coarse
Ruhlandiella,ruhlandiella,FALSE,/terfezia-peziza_depressa,short-distance_coarse
Sarcosphaera,sarcosphaera,TRUE,/sarcosphaera-hydnotryopsis,short-distance_delicate
Scabropezia,scabropezia,FALSE,/pachyphloeus-amylascus,short-distance_coarse
Sphaerozone,sphaerozone,FALSE,uncertain,unknown
Stouffera,stouffera,FALSE,/marcelleina-peziza_gerardii,unknown
Temperantia,temperantia,FALSE,/marcelleina-peziza_gerardii,unknown
Terfezia,terfezia,FALSE,/terfezia-peziza_depressa,short-distance_coarse
Tirmania,tirmania,FALSE,/terfezia-peziza_depressa,short-distance_coarse
Ulurua,ulurua,FALSE,/terfezia-peziza_depressa,short-distance_coarse
Sphaerosoma,sphaerosoma,FALSE,/marcelleina-peziza_gerardii,unknown
Pulvinula,pulvinula,TRUE,/pulvinula,short-distance_delicate
Aleurina,aleurina,FALSE,/aleurina,contact
Genabea,genabea,FALSE,/genea-humaria,short-distance_coarse
Genea,genea,TRUE,/genea-humaria,short-distance_coarse
Geopora,geopora,TRUE,/geopora,short-distance_coarse
Gilkeya,gilkeya,TRUE,/genea-humaria,short-distance_coarse
Humaria,humaria,TRUE,/genea-humaria,short-distance_coarse
Myrmecocystis,myrmecocystis,TRUE,/genea-humaria,short-distance_coarse
Otidea,otidea,TRUE,/otidea,short-distance_coarse
Otideopsis,otideopsis,FALSE,/otidea,unknown
Parascutellinia,parascutellinia,TRUE,/genea-humaria,short-distance_coarse
Phaeangium,phaeangium,FALSE,/geopora,short-distance_coarse
Picoa,picoa,TRUE,/geopora,short-distance_coarse
Pustularia,pustularia,TRUE,/pustularia,short-distance_coarse
Rhodoscypha,rhodoscypha,TRUE,/rhodoscypha,unknown
Sepultaria,sepultaria,FALSE,/geopora,short-distance_coarse
Sphaerosporella,sphaerosporella,TRUE,/sphaerosporella,short-distance_coarse
Trichophaea,trichophaea,TRUE,/sphaerosporella (T. woolhopeia clade) or /wilcoxina (T. hybrida group),short-distance_coarse
Wilcoxina,wilcoxina,TRUE,/wilcoxina,short-distance_coarse
Tarzetta,tarzetta,TRUE,/tarzetta,contact
Choiromyces,choiromyces,TRUE,/tuber-helvella,contact
Dingleya,dingleya,FALSE,/tuber-helvella,contact
Labyrinthomyces,labyrinthomyces,FALSE,/tuber-helvella,contact
Nothojafnea,nothojafnea,FALSE,/tuber-helvella,contact
Paradoxa,paradoxa,FALSE,/tuber-helvella,unknown
Reddellomyces,reddellomyces,FALSE,/tuber-helvella,contact
Tuber,tuber,TRUE,/tuber-helvella,short-distance_delicate
Gigasperma,gigasperma,FALSE,/cortinarius,medium-distance_fringe
Amanita,amanita,TRUE,/amanita,contact
Amanitopsis,amanitopsis,FALSE,/amanita,unknown
Amarrendia,amarrendia,FALSE,/amanita,unknown
Catathelasma,catathelasma,TRUE,/catathelasma,mat
Descolea,descolea,FALSE,/descolea,short-distance_delicate
Descomyces,descomyces,FALSE,/descolea,short-distance_delicate
Setchelliogaster,setchelliogaster,FALSE,/descolea,short-distance_delicate
Timgrovea,timgrovea,FALSE,/descolea,short-distance_delicate
Phylloporopsis,phylloporopsis,FALSE,/boletus,long-distance
Guyanagarika,guyanagarika,FALSE,/guyanagarica_(/agaricales1),medium-distance_fringe
Austrogaster,austrogaster,FALSE,/cortinarius,medium-distance_fringe
Cortinarius,cortinarius,TRUE,/cortinarius,medium-distance_fringe
Cuphocybe,cuphocybe,FALSE,/cortinarius,medium-distance_fringe
Dermocybe,dermocybe,FALSE,/cortinarius,medium-distance_fringe
Protoglossum,protoglossum,FALSE,/cortinarius,medium-distance_fringe
Quadrispora,quadrispora,FALSE,/cortinarius,medium-distance_fringe
Stephanopus,stephanopus,FALSE,/cortinarius,medium-distance_fringe
Thaxterogaster,thaxterogaster,TRUE,/cortinarius,medium-distance_fringe
Hydnangium,hydnangium,FALSE,/laccaria,short-distance_delicate
Laccaria,laccaria,TRUE,/laccaria,short-distance_delicate
Maccagnia,maccagnia,FALSE,/laccaria,short-distance_delicate
Podohydnangium,podohydnangium,FALSE,/laccaria,short-distance_delicate
Hygrophorus,hygrophorus,TRUE,/hygrophorus,contact
Alnicola,alnicola,TRUE,/hebeloma-alnicola,short-distance_delicate
Anamika,anamika,FALSE,/hebeloma-alnicola,short-distance_delicate
Hebeloma,hebeloma,TRUE,/hebeloma-alnicola,short-distance_delicate
Hymenogaster,hymenogaster,TRUE,/hebeloma-alnicola,short-distance_delicate
Naucoria,naucoria,TRUE,/hebeloma-alnicola,short-distance_delicate
Phaeocollybia,phaeocollybia,TRUE,/phaeocollybia,unknown
Psathyloma,psathyloma,FALSE,/hebeloma-alnicola,short-distance_delicate
Wakefieldia,wakefieldia,FALSE,/hebeloma-alnicola,short-distance_delicate
Astrosporina,astrosporina,FALSE,/inocybe,short-distance_delicate
Auritella,auritella,FALSE,/inocybe,contact
Inocybe,inocybe,TRUE,/inocybe,short-distance_delicate
Mallocybe,mallocybe,TRUE,/inocybe,short-distance_delicate
Tubariomyces,tubariomyces,FALSE,/inocybe,short-distance_delicate
Lyophyllum,lyophyllum,TRUE,/paralyophyllum,medium-distance_fringe
Porpoloma,porpoloma,FALSE,/porpoloma,medium-distance_fringe
Tricholoma,tricholoma,TRUE,/tricholoma,medium-distance_fringe
Parastereopsis,parastereopsis,FALSE,/cantharellus,unknown
Amphinema,amphinema,TRUE,/amphinema-tylospora,medium-distance_fringe
Byssocorticium,byssocorticium,TRUE,/byssocorticium,medium-distance_fringe
Piloderma,piloderma,TRUE,/piloderma,medium-distance_fringe
Tretomyces,tretomyces,TRUE,/piloderma,medium-distance_fringe
Tylospora,tylospora,TRUE,/amphinema-tylospora,short-distance_delicate
Afroboletus,afroboletus,FALSE,/boletus,long-distance
Afrocastellanoa,afrocastellanoa,FALSE,/boletus,long-distance
Alessioporus,alessioporus,FALSE,/boletus,long-distance
Aureoboletus,aureoboletus,TRUE,/boletus,long-distance
Australopilus,australopilus,FALSE,/boletus,long-distance
Austroboletus,austroboletus,TRUE,/boletus,long-distance
Baorangia,baorangia,FALSE,/boletus,long-distance
Binderoboletus,binderoboletus,FALSE,/boletus,long-distance
Boletellus,boletellus,FALSE,/boletus,long-distance
Boletochaete,boletochaete,FALSE,/boletus,long-distance
Boletus,boletus,TRUE,/boletus,long-distance
Borofutus,borofutus,FALSE,/boletus,long-distance
Bothia,bothia,FALSE,/boletus,long-distance
Butyriboletus,butyriboletus,TRUE,/boletus,long-distance
Caloboletus,caloboletus,TRUE,/boletus,long-distance
Carolinigaster,carolinigaster,FALSE,/boletus,long-distance
Castellanea,castellanea,FALSE,/boletus,long-distance
Chamonixia,chamonixia,TRUE,/boletus,long-distance
Chiua,chiua,FALSE,/boletus,long-distance
Corneroboletus,corneroboletus,FALSE,/boletus,long-distance
Costatisporus,costatisporus,FALSE,/boletus,long-distance
Crocinoboletus,crocinoboletus,FALSE,/boletus,long-distance
Cupreoboletus,cupreoboletus,FALSE,/boletus,long-distance
Cyanoboletus,cyanoboletus,FALSE,/boletus,long-distance
Durianella,durianella,FALSE,/boletus,long-distance
Erythrophylloporus,erythrophylloporus,FALSE,/boletus,long-distance
Exsudoporus,exsudoporus,FALSE,/boletus,long-distance
Fistulinella,fistulinella,FALSE,/boletus,long-distance
Gastroboletus,gastroboletus,FALSE,/boletus,long-distance
Gastroleccinum,gastroleccinum,FALSE,/boletus,long-distance
Gastrosuillus,gastrosuillus,FALSE,/suillus-rhizopogon,long-distance
Guyanaporus,guyanaporus,FALSE,/boletus,long-distance
Gymnogaster,gymnogaster,FALSE,/boletus,long-distance
Harrya,harrya,TRUE,/boletus,long-distance
Heimiella,heimiella,FALSE,/boletus,long-distance
Heimioporus,heimioporus,FALSE,/boletus,long-distance
Heliogaster,heliogaster,FALSE,/boletus,long-distance
Hemileccinum,hemileccinum,TRUE,/boletus,long-distance
Hortiboletus,hortiboletus,FALSE,/boletus,long-distance
Hourangia,hourangia,FALSE,/boletus,long-distance
Hymenoboletus,hymenoboletus,FALSE,/boletus,long-distance
Imleria,imleria,FALSE,/boletus,long-distance
Imperator,imperator,FALSE,/boletus,long-distance
Jimtrappea,jimtrappea,FALSE,/boletus,long-distance
Kombocles,kombocles,FALSE,/boletus,long-distance
Lanmaoa,lanmaoa,FALSE,/boletus,long-distance
Leccinellum,leccinellum,TRUE,/boletus,long-distance
Leccinum,leccinum,TRUE,/boletus,long-distance
Mackintoshia,mackintoshia,FALSE,/boletus,long-distance
Mucilopilus,mucilopilus,FALSE,/boletus,long-distance
Mycoamaranthus,mycoamaranthus,FALSE,/boletus,long-distance
Neoboletus,neoboletus,FALSE,/boletus,long-distance
Nigroboletus,nigroboletus,FALSE,/boletus,long-distance
Octaviania,octaviania,TRUE,/boletus,long-distance
Parvixerocomus,parvixerocomus,FALSE,/boletus,long-distance
Paxillogaster,paxillogaster,FALSE,/boletus,long-distance
Phylloboletellus,phylloboletellus,FALSE,/boletus,long-distance
Phyllobolites,phyllobolites,FALSE,/ramaria-gautieria,mat
Phylloporus,phylloporus,TRUE,/boletus,long-distance
Porphyrellus,porphyrellus,TRUE,/boletus,long-distance
Pseudoaustroboletus,pseudoaustroboletus,FALSE,/boletus,long-distance
Pseudoboletus,pseudoboletus,TRUE,/boletus,long-distance
Pulchroboletus,pulchroboletus,TRUE,/boletus,long-distance
Pulveroboletus,pulveroboletus,TRUE,/boletus,long-distance
Retiboletus,retiboletus,TRUE,/boletus,long-distance
Rheubarbariboletus,rheubarbariboletus,FALSE,/boletus,long-distance
Rhodactina,rhodactina,FALSE,/boletus,long-distance
Rossbeevera,rossbeevera,FALSE,/boletus,long-distance
Royoungia,royoungia,FALSE,/boletus,long-distance
Rubinoboletus,rubinoboletus,FALSE,/boletus,long-distance
Rubroboletus,rubroboletus,TRUE,/boletus,long-distance
Rugiboletus,rugiboletus,FALSE,/boletus,long-distance
Setogyroporus,setogyroporus,FALSE,/boletus,long-distance
Singerocomus,singerocomus,TRUE,/boletus,long-distance
Singeromyces,singeromyces,FALSE,/boletus,long-distance
Sinoboletus,sinoboletus,FALSE,/boletus,long-distance
Solioccasus,solioccasus,FALSE,/boletus,long-distance
Spongiforma,spongiforma,FALSE,/boletus,long-distance
Strobilomyces,strobilomyces,TRUE,/boletus,long-distance
Suillellus,suillellus,TRUE,/boletus,long-distance
Sutorius,sutorius,TRUE,/boletus,long-distance
Zangia,zangia,FALSE,/boletus,long-distance
Tengioboletus,tengioboletus,FALSE,/boletus,long-distance
Trappeindia,trappeindia,FALSE,/boletus,long-distance
Tubosaeta,tubosaeta,FALSE,/boletus,long-distance
Turmalinea,turmalinea,FALSE,/boletus,long-distance
Tylocinum,tylocinum,FALSE,/boletus,long-distance
Tylopilus,tylopilus,TRUE,/boletus,long-distance
Veloporphyrellus,veloporphyrellus,FALSE,/boletus,long-distance
Xanthoconium,xanthoconium,FALSE,/boletus,long-distance
Xerocomellus,xerocomellus,TRUE,/boletus,long-distance
Xerocomus,xerocomus,TRUE,/boletus,long-distance
Marthanella,marthanella,FALSE,uncertain,unknown
Calostoma,calostoma,FALSE,/pisolithus-scleroderma,long-distance
Astraeus,astraeus,TRUE,/pisolithus-scleroderma,long-distance
Diplocystis,diplocystis,FALSE,/pisolithus-scleroderma,long-distance
Endogonopsis,endogonopsis,FALSE,/pisolithus-scleroderma,long-distance
Tremellogaster,tremellogaster,FALSE,/pisolithus-scleroderma,long-distance
Brauniellula,brauniellula,FALSE,/suillus-rhizopogon,long-distance
Chroogomphus,chroogomphus,TRUE,/suillus-rhizopogon,long-distance
Cystogomphus,cystogomphus,FALSE,/suillus-rhizopogon,long-distance
Gomphidius,gomphidius,TRUE,/suillus-rhizopogon,long-distance
Gomphogaster,gomphogaster,FALSE,/suillus-rhizopogon,long-distance
Gyrodon,gyrodon,FALSE,/paxillus-gyrodon,long-distance
Paragyrodon,paragyrodon,FALSE,/paxillus-gyrodon,long-distance
Gyroporus,gyroporus,TRUE,/pisolithus-scleroderma,long-distance
Alpova,alpova,TRUE,/paxillus-gyrodon,long-distance
Melanogaster,melanogaster,TRUE,/paxillus-gyrodon,long-distance
Hoehnelogaster,hoehnelogaster,FALSE,/paxillus-gyrodon,long-distance
Neoalpova,neoalpova,TRUE,/paxillus-gyrodon,long-distance
Paxillus,paxillus,TRUE,/paxillus-gyrodon,long-distance
Pisolithus,pisolithus,TRUE,/pisolithus-scleroderma,long-distance
Rhizopogon,rhizopogon,TRUE,/suillus-rhizopogon,long-distance
Chlorogaster,chlorogaster,FALSE,/pisolithus-scleroderma,long-distance
Corditubera,corditubera,FALSE,/pisolithus-scleroderma,long-distance
Favillea,favillea,FALSE,/pisolithus-scleroderma,long-distance
Horakiella,horakiella,FALSE,/pisolithus-scleroderma,long-distance
Scleroderma,scleroderma,TRUE,/pisolithus-scleroderma,long-distance
Veligaster,veligaster,FALSE,/pisolithus-scleroderma,long-distance
Austropaxillus,austropaxillus,FALSE,/austropaxillus,long-distance
Gymnopaxillus,gymnopaxillus,FALSE,/austropaxillus,long-distance
Boletinus,boletinus,FALSE,/suillus-rhizopogon,long-distance
Fuscoboletinus,fuscoboletinus,TRUE,/suillus-rhizopogon,long-distance
Psiloboletinus,psiloboletinus,FALSE,/suillus-rhizopogon,long-distance
Rhopalogaster,rhopalogaster,FALSE,/suillus-rhizopogon,long-distance
Suillus,suillus,TRUE,/suillus-rhizopogon,long-distance
Truncocolumella,truncocolumella,TRUE,/suillus-rhizopogon,long-distance
Cantharellus,cantharellus,TRUE,/cantharellus,medium-distance_smooth
Craterellus,craterellus,TRUE,/cantharellus,short-distance_delicate
Goossensia,goossensia,FALSE,/cantharellus,unknown
Pseudocraterellus,pseudocraterellus,FALSE,/cantharellus,short-distance_delicate
Pterygellus,pterygellus,FALSE,/cantharellus,unknown
Clavulina,clavulina,TRUE,/clavulina,contact
Membranomyces,membranomyces,TRUE,/clavulina,contact
Hydnum,hydnum,TRUE,/cantharellus,medium-distance_smooth
Destuntzia,destuntzia,TRUE,/ramaria-gautieria,mat
Gautieria,gautieria,TRUE,/ramaria-gautieria,mat
Gloeocantharellus,gloeocantharellus,FALSE,/ramaria-gautieria,mat
Gomphus,gomphus,FALSE,/ramaria-gautieria,mat
Protogautieria,protogautieria,FALSE,/ramaria-gautieria,mat
Pseudogomphus,pseudogomphus,FALSE,/ramaria-gautieria,mat
Ramaria,ramaria,TRUE,/ramaria-gautieria,mat
Turbinellus,turbinellus,FALSE,/ramaria-gautieria,mat
Coltricia,coltricia,TRUE,/coltricia,short-distance_coarse
Coltriciella,coltriciella,FALSE,/coltricia,short-distance_coarse
Austrogautieria,austrogautieria,FALSE,/hysterangium,mat
Gallacea,gallacea,FALSE,/hysterangium,mat
Hallingea,hallingea,FALSE,/hysterangium,mat
Aroramyces,aroramyces,FALSE,/hysterangium,mat
Circulocolumella,circulocolumella,FALSE,/hysterangium,mat
Clathrogaster,clathrogaster,FALSE,/hysterangium,mat
Hysterangium,hysterangium,TRUE,/hysterangium,mat
Phlebogaster,phlebogaster,FALSE,/hysterangium,mat
Andebbia,andebbia,FALSE,/hysterangium,mat
Castoreum,castoreum,FALSE,/hysterangium,mat
Chondrogaster,chondrogaster,FALSE,/hysterangium,mat
Gummiglobus,gummiglobus,FALSE,/hysterangium,mat
Gummivena,gummivena,FALSE,/hysterangium,mat
Malajczukia,malajczukia,FALSE,/hysterangium,mat
Mesophellia,mesophellia,FALSE,/hysterangium,mat
Nothocastoreum,nothocastoreum,FALSE,/hysterangium,mat
Phallogaster,phallogaster,FALSE,/hysterangium,mat
Albatrellopsis,albatrellopsis,FALSE,/albatrellus,medium-distance_smooth
Albatrellus,albatrellus,TRUE,/albatrellus,medium-distance_smooth
Byssoporia,byssoporia,TRUE,/albatrellus,medium-distance_smooth
Fevansia,fevansia,FALSE,/albatrellus,medium-distance_smooth
Laeticutis,laeticutis,FALSE,/albatrellus,unknown
Leucogaster,leucogaster,TRUE,/albatrellus,medium-distance_smooth
Leucophleps,leucophleps,TRUE,/albatrellus,medium-distance_smooth
Mycolevis,mycolevis,FALSE,/albatrellus,medium-distance_smooth
Neoalbatrellus,neoalbatrellus,TRUE,/albatrellus,unknown
Polyporoletus,polyporoletus,TRUE,/albatrellus,medium-distance_smooth
Polypus,polypus,FALSE,/albatrellus,unknown
Scutiger,scutiger,TRUE,/albatrellus,medium-distance_smooth
Xeroceps,xeroceps,FALSE,/albatrellus,unknown
Arcangeliella,arcangeliella,FALSE,/russula-lactarius,contact
Cystangium,cystangium,FALSE,/russula-lactarius,contact
Gymnomyces,gymnomyces,TRUE,/russula-lactarius,contact
Lactarius,lactarius,TRUE,/russula-lactarius,medium-distance_smooth
Lactifluus,lactifluus,TRUE,/russula-lactarius,medium-distance_smooth
Macowanites,macowanites,FALSE,/russula-lactarius,contact
Martellia,martellia,FALSE,/russula-lactarius,contact
Multifurca,multifurca,FALSE,/russula-lactarius,unknown
Russula,russula,TRUE,/russula-lactarius,contact
Zelleromyces,zelleromyces,FALSE,/russula-lactarius,contact
Helvellosebacina,helvellosebacina,TRUE,/sebacina,contact
Sebacina,sebacina,TRUE,/sebacina,short-distance_delicate
Tremellodendron,tremellodendron,FALSE,/sebacina,short-distance_delicate
Tremelloscypha,tremelloscypha,FALSE,/sebacina,unknown
Tremellostereum,tremellostereum,FALSE,/sebacina,unknown
Bankera,bankera,FALSE,/phellodon-bankera,mat
Boletopsis,boletopsis,TRUE,/boletopsis,mat
Corneroporus,corneroporus,FALSE,uncertain,unknown
Hydnellum,hydnellum,TRUE,/hydnellum-sarcodon,mat
Sarcodon,sarcodon,TRUE,/hydnellum-sarcodon,mat
Phellodon,phellodon,TRUE,/phellodon-bankera,mat
Polyozellus,polyozellus,TRUE,/pseudotomentella,medium-distance_smooth
Pseudotomentella,pseudotomentella,TRUE,/pseudotomentella,medium-distance_smooth
Riessia,riessia,FALSE,/tomentella-thelephora,medium-distance_smooth
Riessiella,riessiella,FALSE,/tomentella-thelephora,medium-distance_smooth
Thelephora,thelephora,TRUE,/tomentella-thelephora,medium-distance_smooth
Tomentella,tomentella,TRUE,/tomentella-thelephora,medium-distance_smooth
Tomentellopsis,tomentellopsis,TRUE,/tomentellopsis,medium-distance_smooth
Tremellodendropsis,tremellodendropsis,TRUE,/tremellodendropsis_(/agaricomycetes1),short-distance_delicate
Densospora,densospora,TRUE,/densospora,short-distance_delicate
Jimgerdemannia,jimgerdemannia,TRUE,/endogone1,short-distance_delicate
Sclerogone,sclerogone,FALSE,/endogone2,short-distance_delicate
