species,n_locations,dataset
Tylospora_asterophora,280,GlobalFungi
Piloderma_sphaerosporum,276,GlobalFungi
Amanita_fulva,183,GlobalFungi
Clavulina_coralloides,179,GlobalFungi
Tricholoma_portentosum,161,GlobalFungi
Piloderma_olivaceum,159,GlobalFungi
Amanita_muscaria,152,GlobalFungi
Russula_decolorans,149,GlobalFungi
Cortinarius_alpinus,143,GlobalFungi
Hygrophorus_albicastaneus,131,GlobalFungi
Russula_adusta,130,GlobalFungi
Hygrophorus_hypothejus,125,GlobalFungi
Tomentella_stuposa,122,GlobalFungi
Polyozellus_umbrinus,119,GlobalFungi
Russula_emetica,114,GlobalFungi
Tomentella_coerulea,113,GlobalFungi
Lactarius_mammosus,112,GlobalFungi
Lactarius_tabidus,112,GlobalFungi
Amanita_flavoconia,110,GlobalFungi
Lactarius_camphoratus,105,GlobalFungi
Cortinarius_acutovelatus,103,GlobalFungi
Inocybe_caprimulgi,103,GlobalFungi
Lactarius_vietus,103,GlobalFungi
Cortinarius_casimiri,101,GlobalFungi
Cortinarius_comptulus,99,GlobalFungi
Cortinarius_illuminoides,99,GlobalFungi
Cortinarius_raphanoides,96,GlobalFungi
Elaphomyces_borealis,95,GlobalFungi
Tricholoma_saponaceum,92,GlobalFungi
Tomentella_terrestris,91,GlobalFungi
Cortinarius_armillatus,88,GlobalFungi
Cortinarius_emunctus,88,GlobalFungi
Tricholoma_columbetta,88,GlobalFungi
Lactarius_vinaceorufescens,87,GlobalFungi
Tomentella_badia,87,GlobalFungi
Elaphomyces_muricatus,86,GlobalFungi
Cortinarius_dolabratus,83,GlobalFungi
Tricholoma_fulvum,83,GlobalFungi
Laccaria_populina,79,GlobalFungi
Paxillus_involutus,76,GlobalFungi
Tomentellopsis_echinospora,76,GlobalFungi
Inocybe_elysii,73,GlobalFungi
Genea_hispidula,72,GlobalFungi
Amanita_porphyria,71,GlobalFungi
Tylopilus_felleus,70,GlobalFungi
Cortinarius_clintonianus,69,GlobalFungi
Cortinarius_infractus,69,GlobalFungi
Leccinum_rotundifoliae,68,GlobalFungi
Tricholoma_vaccinum,68,GlobalFungi
Cortinarius_malachius,67,GlobalFungi
Cortinarius_modestus,66,GlobalFungi
Russula_aeruginea,65,GlobalFungi
Cortinarius_aurantiobasis,64,GlobalFungi
Cortinarius_cinnamomeus,64,GlobalFungi
Cortinarius_athabascus,63,GlobalFungi
Cortinarius_croceus,63,GlobalFungi
Cortinarius_malicorius,63,GlobalFungi
Tricholoma_virgatum,63,GlobalFungi
Elaphomyces_papillatus,61,GlobalFungi
Inocybe_occulta,61,GlobalFungi
Hebeloma_incarnatulum,60,GlobalFungi
Lyophyllum_shimeji,60,GlobalFungi
Cortinarius_junghuhnii,59,GlobalFungi
Cortinarius_privignipallens,59,GlobalFungi
Cortinarius_agathosmus,58,GlobalFungi
Cortinarius_humboldtensis,58,GlobalFungi
Cortinarius_kauffmanianus,58,GlobalFungi
Hydnotrya_tulasnei,58,GlobalFungi
Hygrophorus_pustulatoides,58,GlobalFungi
Cortinarius_aureovelatus,57,GlobalFungi
Suillus_glandulosipes,56,GlobalFungi
Cortinarius_camphoratus,55,GlobalFungi
Inocybe_avia,55,GlobalFungi
Leccinum_manzanitae,55,GlobalFungi
Cortinarius_armeniacus,54,GlobalFungi
Laccaria_griseolilacina,54,GlobalFungi
Hebeloma_monticola,53,GlobalFungi
Inocybe_lacera,53,GlobalFungi
Inocybe_mortenii,53,GlobalFungi
Thaxterogaster_scaurus,53,GlobalFungi
Russula_aeruginosa,52,GlobalFungi
Clavulina_cinerea,51,GlobalFungi
Cortinarius_glandicolor,51,GlobalFungi
Cortinarius_harvardensis,51,GlobalFungi
Inocybe_geophylla,51,GlobalFungi
Russula_hypofragilis,51,GlobalFungi
Cortinarius_idahoensis,50,GlobalFungi
Lactarius_lignyotus,50,GlobalFungi
Cortinarius_caperatus,49,GlobalFungi
Hydnellum_aurantiacum,49,GlobalFungi
Inocybe_rufoalba,49,GlobalFungi
Rhizopogon_evadens,49,GlobalFungi
Cortinarius_hydrotelamonioides,48,GlobalFungi
Cortinarius_saniosus,48,GlobalFungi
Elaphomyces_miyabeanus,48,GlobalFungi
Inocybe_ericetorum,48,GlobalFungi
Lactarius_necator,48,GlobalFungi
Russula_pascua,48,GlobalFungi
Tomentella_bryophila,48,GlobalFungi
Cortinarius_decipiens,47,GlobalFungi
Cortinarius_millaresensis,47,GlobalFungi
Lactarius_helvus,47,GlobalFungi
Lactarius_rufus,47,GlobalFungi
Hebeloma_asperulatum,46,GlobalFungi
Inocybe_soluta,46,GlobalFungi
Cortinarius_illibatus,45,GlobalFungi
Alpova_cinnamomeus,44,GlobalFungi
Amanita_augusta,44,GlobalFungi
Cortinarius_fulvescens,44,GlobalFungi
Cortinarius_fuscodiscus,44,GlobalFungi
Piloderma_lanatum,44,GlobalFungi
Tomentellopsis_submollis,44,GlobalFungi
Inocybe_acriolens,43,GlobalFungi
Cortinarius_centrirufus,42,GlobalFungi
Russula_peckii,42,GlobalFungi
Tricholoma_fulvimarginatum,42,GlobalFungi
Wilcoxina_mikolae,42,GlobalFungi
Alnicola_sphagneti,41,GlobalFungi
Cortinarius_lucorum,41,GlobalFungi
Hygrophorus_agathosmoides,41,GlobalFungi
Rhizopogon_pseudoroseolus,41,GlobalFungi
Russula_aquosa,41,GlobalFungi
Russula_versicolor,41,GlobalFungi
Tomentella_botryoides,41,GlobalFungi
Cortinarius_flabellus,40,GlobalFungi
Hydnellum_scabrosum,40,GlobalFungi
Leccinum_insigne,40,GlobalFungi
Tomentella_cinerascens,40,GlobalFungi
Cortinarius_grosmorneensis,39,GlobalFungi
Inocybe_striipes,39,GlobalFungi
Tricholoma_albobrunneum,39,GlobalFungi
Cortinarius_cistopulchripes,38,GlobalFungi
Hygrophorus_speciosus,38,GlobalFungi
Inocybe_napipes,38,GlobalFungi
Hygrophorus_pustulatus,37,GlobalFungi
Inocybe_undulatospora,37,GlobalFungi
Thelephora_alnii,37,GlobalFungi
Tuber_anniae,36,GlobalFungi
Inocybe_minima,35,GlobalFungi
Ramaria_flava,35,GlobalFungi
Tomentella_ellisii,35,GlobalFungi
Amanita_brunnescens,34,GlobalFungi
Hebeloma_mesophaeum,34,GlobalFungi
Inocybe_pseudodestricta,34,GlobalFungi
Lactarius_trivialis,34,GlobalFungi
Amanita_rubescens,33,GlobalFungi
Elaphomyces_leveillei,33,GlobalFungi
Gautieria_otthii,32,GlobalFungi
Inocybe_giacomi,32,GlobalFungi
Scleroderma_septentrionale,32,GlobalFungi
Amanita_olivaceogrisea,31,GlobalFungi
Cortinarius_acutispissipes,31,GlobalFungi
Leccinum_holopus,31,GlobalFungi
Cortinarius_aurae,30,GlobalFungi
Cortinarius_roseomyceliosus,30,GlobalFungi
Suillus_cavipes,30,GlobalFungi
Cortinarius_neofurvolaesus,29,GlobalFungi
Cortinarius_parvannulatus,29,GlobalFungi
Cortinarius_valgus,29,GlobalFungi
Russula_vesca,29,GlobalFungi
Cortinarius_caesiobrunneus,28,GlobalFungi
Humaria_hemisphaerica,28,GlobalFungi
Inocybe_pseudoasterospora,28,GlobalFungi
Piloderma_bicolor,28,GlobalFungi
Piloderma_byssinum,28,GlobalFungi
Polyozellus_humicola,28,GlobalFungi
Thaxterogaster_comarostaphylidis,28,GlobalFungi
Cortinarius_parvoacetosus,27,GlobalFungi
Inocybe_ochroalba,27,GlobalFungi
Inocybe_subcarpta,27,GlobalFungi
Russula_farinipes,27,GlobalFungi
Sebacina_incrustans,27,GlobalFungi
Tricholoma_imbricatoides,27,GlobalFungi
Cortinarius_pholideus,26,GlobalFungi
Cortinarius_ultimiionophyllus,26,GlobalFungi
Lactarius_flexuosus,26,GlobalFungi
Phellodon_melaleucus,26,GlobalFungi
Suillus_spraguei,26,GlobalFungi
Suillus_variegatus,26,GlobalFungi
Hygrophorus_whitei,25,GlobalFungi
Laccaria_araneosa,25,GlobalFungi
Russula_griseascens,25,GlobalFungi
Suillus_acidus,25,GlobalFungi
Thelephora_caryophyllea,25,GlobalFungi
Cortinarius_heterodepressus,24,GlobalFungi
Cortinarius_paulus,24,GlobalFungi
Hygrophorus_aurorae,24,GlobalFungi
Thaxterogaster_talus,24,GlobalFungi
Tomentella_muricata,24,GlobalFungi
Alpova_diplophloeus,23,GlobalFungi
Cortinarius_traganus,23,GlobalFungi
Tricholoma_focale,23,GlobalFungi
Cortinarius_colymbadinus,22,GlobalFungi
Cortinarius_gentilis,22,GlobalFungi
Craterellus_tubaeformis,22,GlobalFungi
Hymenogaster_rubyensis,22,GlobalFungi
Suillus_viscidus,22,GlobalFungi
Amanita_detersa,21,GlobalFungi
Cortinarius_andreae,21,GlobalFungi
Cortinarius_atroalbus,21,GlobalFungi
Cortinarius_balteatus,21,GlobalFungi
Cortinarius_ferrugineovelatus,21,GlobalFungi
Cortinarius_imbutus,21,GlobalFungi
Cortinarius_orasericeus,21,GlobalFungi
Cortinarius_subobtusus,21,GlobalFungi
Geopora_cooperi,21,GlobalFungi
Inocybe_sambucina,21,GlobalFungi
Suillus_luteus,21,GlobalFungi
Thaxterogaster_multiformis,21,GlobalFungi
Tricholoma_ammophilum,21,GlobalFungi
Cortinarius_tillamookensis,20,GlobalFungi
Inocybe_leptophylla,20,GlobalFungi
Inocybe_nodulosa,20,GlobalFungi
Leotia_lubrica,20,GlobalFungi
Naucoria_alnetorum,20,GlobalFungi
Otidea_leporina,20,GlobalFungi
Russula_vinosa,20,GlobalFungi
Tricholoma_pessundatum,20,GlobalFungi
Wilcoxina_rehmii,20,GlobalFungi
Cortinarius_minusculus,19,GlobalFungi
Cortinarius_olididisjungendus,19,GlobalFungi
Cortinarius_pinisquamulosus,19,GlobalFungi
Cortinarius_roseivelatus,19,GlobalFungi
Hebeloma_perexiguum,19,GlobalFungi
Hymenogaster_rehsteineri,19,GlobalFungi
Inocybe_argenteolutea,19,GlobalFungi
Inocybe_flocculosa,19,GlobalFungi
Phellodon_tomentosus,19,GlobalFungi
Polyozellus_plurilobus,19,GlobalFungi
Tricholoma_triste,19,GlobalFungi
Cortinarius_boulderensis,18,GlobalFungi
Cortinarius_brunneifolius,18,GlobalFungi
Cortinarius_francescae,18,GlobalFungi
Cortinarius_nigrocuspidatus,18,GlobalFungi
Cortinarius_sphagnoravus,18,GlobalFungi
Cortinarius_subminiatopus,18,GlobalFungi
Hebeloma_hiemale,18,GlobalFungi
Hydnellum_gracilipes,18,GlobalFungi
Laccaria_longipes,18,GlobalFungi
Lactarius_omphaliiformis,18,GlobalFungi
Polyozellus_sciastrus,18,GlobalFungi
Tricholoma_stans,18,GlobalFungi
Trichophaea_abundans,18,GlobalFungi
Byssoporia_terrestris,17,GlobalFungi
Cortinarius_hadrocroceus,17,GlobalFungi
Cortinarius_lindstroemii,17,GlobalFungi
Cortinarius_pelargoniostriatulus,17,GlobalFungi
Hydnum_repandum,17,GlobalFungi
Hymenogaster_parksii,17,GlobalFungi
Inocybe_fuscescentipes,17,GlobalFungi
Inocybe_venerabilis,17,GlobalFungi
Lactarius_hengduanensis,17,GlobalFungi
Rhizopogon_salebrosus,17,GlobalFungi
Rhizopogon_succosus,17,GlobalFungi
Russula_atroglauca,17,GlobalFungi
Scleroderma_citrinum,17,GlobalFungi
Chroogomphus_jamaicensis,16,GlobalFungi
Cortinarius_ammiratii,16,GlobalFungi
Cortinarius_fuscescens,16,GlobalFungi
Cortinarius_occidentalisagacitas,16,GlobalFungi
Cortinarius_ochrophyllus,16,GlobalFungi
Cortinarius_stillatitius,16,GlobalFungi
Cortinarius_subcarneinatus,16,GlobalFungi
Cortinarius_umbrinolens,16,GlobalFungi
Hydnum_umbilicatum,16,GlobalFungi
Hygrophorus_secretanii,16,GlobalFungi
Russula_aurantioflammans,16,GlobalFungi
Suillus_sinuspaulianus,16,GlobalFungi
Tomentella_griseomarginata,16,GlobalFungi
Albatrellus_ovinus,15,GlobalFungi
Clavulina_rugosa,15,GlobalFungi
Cortinarius_angelesianus,15,GlobalFungi
Cortinarius_lobatus,15,GlobalFungi
Elaphomyces_pusillus,15,GlobalFungi
Hygrophorus_siccipes,15,GlobalFungi
Inocybe_intricata,15,GlobalFungi
Leucophleps_spinispora,15,GlobalFungi
Russula_postiana,15,GlobalFungi
Russula_vinososordida,15,GlobalFungi
Suillus_placidus,15,GlobalFungi
Thaxterogaster_causticus,15,GlobalFungi
Amphinema_byssoides,14,GlobalFungi
Cortinarius_balaustinus,14,GlobalFungi
Cortinarius_sutherlandensis,14,GlobalFungi
Cortinarius_uraceus,14,GlobalFungi
Hydnellum_ferrugineum,14,GlobalFungi
Hygrophorus_capreolarius,14,GlobalFungi
Hygrophorus_odoratus,14,GlobalFungi
Hysterangium_crassirhachis,14,GlobalFungi
Inocybe_lanuginosa,14,GlobalFungi
Inocybe_spuria,14,GlobalFungi
Lactarius_pseudoscrobiculatus,14,GlobalFungi
Tretomyces_lutescens,14,GlobalFungi
Cortinarius_bivelosimilis,13,GlobalFungi
Cortinarius_fulvopaludosus,13,GlobalFungi
Cortinarius_glaucopus,13,GlobalFungi
Cortinarius_kranabetteri,13,GlobalFungi
Cortinarius_obtusorum,13,GlobalFungi
Cortinarius_purpureus,13,GlobalFungi
Cortinarius_subpaleaceus,13,GlobalFungi
Harrya_chromipes,13,GlobalFungi
Inocybe_mixtilis,13,GlobalFungi
Inocybe_sororia,13,GlobalFungi
Leccinum_versipelle,13,GlobalFungi
Polyozellus_tristis,13,GlobalFungi
Ramaria_gracilis,13,GlobalFungi
Suillus_pseudobrevipes,13,GlobalFungi
Tomentella_farinosa,13,GlobalFungi
Amanita_lavendula,12,GlobalFungi
Cortinarius_acutus,12,GlobalFungi
Cortinarius_caninus,12,GlobalFungi
Cortinarius_cystidiobicolor,12,GlobalFungi
Cortinarius_ferrei,12,GlobalFungi
Cortinarius_glabrellus,12,GlobalFungi
Cortinarius_laetus,12,GlobalFungi
Cortinarius_laniger,12,GlobalFungi
Inocybe_melleiconica,12,GlobalFungi
Lactarius_badiosanguineus,12,GlobalFungi
Naucoria_scolecina,12,GlobalFungi
Russula_mordax,12,GlobalFungi
Russula_taigarum,12,GlobalFungi
Russula_variata,12,GlobalFungi
Thelephora_atra,12,GlobalFungi
Thelephora_terrestris,12,GlobalFungi
Tricholoma_argyraceum,12,GlobalFungi
Tricholoma_mcneilii,12,GlobalFungi
Amanita_rhacopus,11,GlobalFungi
Boletus_edulis,11,GlobalFungi
Cortinarius_albogaudis,11,GlobalFungi
Cortinarius_catalanensis,11,GlobalFungi
Cortinarius_clandestinus,11,GlobalFungi
Cortinarius_leiocastaneus,11,GlobalFungi
Cortinarius_obtusus,11,GlobalFungi
Cortinarius_paragaudis,11,GlobalFungi
Cortinarius_saturninus,11,GlobalFungi
Cortinarius_tabularis,11,GlobalFungi
Elaphomyces_anthracinus,11,GlobalFungi
Gautieria_monticola,11,GlobalFungi
Hydnum_melitosarx,11,GlobalFungi
Inocybe_dulcamara,11,GlobalFungi
Inocybe_grammata,11,GlobalFungi
Inocybe_griseoscabrosa,11,GlobalFungi
Lactarius_pseudodeceptivus,11,GlobalFungi
Rhizopogon_rudus,11,GlobalFungi
Xerocomus_fennicus,11,GlobalFungi
Cortinarius_anomalus,10,GlobalFungi
Cortinarius_duristipes,10,GlobalFungi
Cortinarius_privignatus,10,GlobalFungi
Cortinarius_transatlanticus,10,GlobalFungi
Hebeloma_louiseae,10,GlobalFungi
Hydnellum_concrescens,10,GlobalFungi
Hygrophorus_canadensis,10,GlobalFungi
Inocybe_bufonia,10,GlobalFungi
Inocybe_catalaunica,10,GlobalFungi
Inocybe_fuscidula,10,GlobalFungi
Leccinum_variicolor,10,GlobalFungi
Lyophyllum_semitale,10,GlobalFungi
Phellodon_secretus,10,GlobalFungi
Rhizopogon_vinicolor,10,GlobalFungi
Strobilomyces_strobilaceus,10,GlobalFungi
Suillus_flavidus,10,GlobalFungi
Tomentella_globospora,10,GlobalFungi
Tomentella_sublilacina,10,GlobalFungi
Tricholoma_badicephalum,10,GlobalFungi
Tricholoma_inamoenum,10,GlobalFungi
Amanita_groenlandica,9,GlobalFungi
Chroogomphus_vinicolor,9,GlobalFungi
Cortinarius_anomalomontanus,9,GlobalFungi
Cortinarius_cadi-aguirrei,9,GlobalFungi
Cortinarius_murinascens,9,GlobalFungi
Cortinarius_pluvius,9,GlobalFungi
Cortinarius_xanthocephalus,9,GlobalFungi
Helvellosebacina_helvelloides,9,GlobalFungi
Inocybe_monticola,9,GlobalFungi
Jimgerdemannia_lactiflua,9,GlobalFungi
Lactarius_aquizonatus,9,GlobalFungi
Lactarius_sphagneti,9,GlobalFungi
Polyozellus_griseopergamaceus,9,GlobalFungi
Rhizopogon_arctostaphyli,9,GlobalFungi
Rhizopogon_vesiculosus,9,GlobalFungi
Russula_paludosa,9,GlobalFungi
Suillus_lakei,9,GlobalFungi
Amanita_friabilis,8,GlobalFungi
Boletopsis_grisea,8,GlobalFungi
Catathelasma_ventricosum,8,GlobalFungi
Coltricia_perennis,8,GlobalFungi
Cortinarius_ahsii,8,GlobalFungi
Cortinarius_albidoavellaneus,8,GlobalFungi
Cortinarius_bivelus,8,GlobalFungi
Cortinarius_mucosus,8,GlobalFungi
Cortinarius_spilomeus,8,GlobalFungi
Cortinarius_subrufulus,8,GlobalFungi
Fuscoboletinus_spectabilis,8,GlobalFungi
Helvella_vespertina,8,GlobalFungi
Hydnellum_caeruleum,8,GlobalFungi
Hydnum_jussii,8,GlobalFungi
Hygrophorus_purpurascens,8,GlobalFungi
Inocybe_agglutinata,8,GlobalFungi
Inocybe_auricomella,8,GlobalFungi
Inocybe_canescens,8,GlobalFungi
Inocybe_ceskae,8,GlobalFungi
Inocybe_cincinnata,8,GlobalFungi
Inocybe_nigridisca,8,GlobalFungi
Polyozellus_medius,8,GlobalFungi
Rhizopogon_olivaceotinctus,8,GlobalFungi
Rhizopogon_parksii,8,GlobalFungi
Russula_brunneoviolacea,8,GlobalFungi
Russula_byssina,8,GlobalFungi
Russula_citrinochlora,8,GlobalFungi
Russula_consobrina,8,GlobalFungi
Russula_straminella,8,GlobalFungi
Thaxterogaster_pinophilus,8,GlobalFungi
Tomentella_pallidocastanea,8,GlobalFungi
Tomentella_viridibasidia,8,GlobalFungi
Tricholoma_subluteum,8,GlobalFungi
Trichophaea_minuta,8,GlobalFungi
Amanita_solaniolens,7,GlobalFungi
Chamonixia_caespitosa,7,GlobalFungi
Cortinarius_alborufescens,7,GlobalFungi
Cortinarius_annae-maritae,7,GlobalFungi
Cortinarius_badiolatus,7,GlobalFungi
Cortinarius_bolaris,7,GlobalFungi
Cortinarius_brunneotinctus,7,GlobalFungi
Cortinarius_fragrantissimus,7,GlobalFungi
Cortinarius_rusticus,7,GlobalFungi
Cortinarius_sordidemaculatus,7,GlobalFungi
Cortinarius_tenuifulvescens,7,GlobalFungi
Cortinarius_vulpicolor,7,GlobalFungi
Hebeloma_pungens,7,GlobalFungi
Hygrophorus_pusillus,7,GlobalFungi
Hymenogaster_submacrosporus,7,GlobalFungi
Inocybe_albodiscoides,7,GlobalFungi
Inocybe_borealis,7,GlobalFungi
Inocybe_curvipes,7,GlobalFungi
Inocybe_fuligineoatra,7,GlobalFungi
Inocybe_nitidiuscula,7,GlobalFungi
Otidea_cantharella,7,GlobalFungi
Rhizopogon_abietis,7,GlobalFungi
Rhizopogon_hawkerae,7,GlobalFungi
Rhizopogon_smithii,7,GlobalFungi
Russula_favrei,7,GlobalFungi
Russula_flocculosa,7,GlobalFungi
Russula_granulata,7,GlobalFungi
Suillus_cothurnatus,7,GlobalFungi
Tomentella_lapida,7,GlobalFungi
Tomentella_lateritia,7,GlobalFungi
Tricholoma_aurantium,7,GlobalFungi
Tricholoma_davisiae,7,GlobalFungi
Byssocorticium_pulchrum,6,GlobalFungi
Cortinarius_bridgei,6,GlobalFungi
Cortinarius_cicindela,6,GlobalFungi
Cortinarius_confirmatus,6,GlobalFungi
Cortinarius_cruentiphyllus,6,GlobalFungi
Cortinarius_diffamatus,6,GlobalFungi
Cortinarius_fulvescentoideus,6,GlobalFungi
Cortinarius_infractiflavus,6,GlobalFungi
Cortinarius_largus,6,GlobalFungi
Cortinarius_nauseosouraceus,6,GlobalFungi
Cortinarius_sagarum,6,GlobalFungi
Cortinarius_subexitiosus,6,GlobalFungi
Destuntzia_solstitialis,6,GlobalFungi
Gautieria_morchelliformis,6,GlobalFungi
Geopora_tenuis,6,GlobalFungi
Gomphidius_glutinosus,6,GlobalFungi
Hebeloma_echinosporum,6,GlobalFungi
Hydnellum_illudens,6,GlobalFungi
Hygrophorus_exiguus,6,GlobalFungi
Hygrophorus_fuscoalboides,6,GlobalFungi
Hygrophorus_piceae,6,GlobalFungi
Inocybe_filiana,6,GlobalFungi
Inocybe_fuscicothurnata,6,GlobalFungi
Inocybe_griseolilacina,6,GlobalFungi
Inocybe_splendens,6,GlobalFungi
Inocybe_vaccina,6,GlobalFungi
Lactarius_pseudomucidus,6,GlobalFungi
Lactarius_pubescens,6,GlobalFungi
Lactarius_thyinos,6,GlobalFungi
Lactarius_xanthogalactus,6,GlobalFungi
Phaeocollybia_christinae,6,GlobalFungi
Rhizopogon_ellipsosporus,6,GlobalFungi
Russula_brevipes,6,GlobalFungi
Russula_pseudotsugarum,6,GlobalFungi
Russula_silvestris,6,GlobalFungi
Russula_sphagnicola,6,GlobalFungi
Thaxterogaster_porphyropus,6,GlobalFungi
Tricholoma_aestuans,6,GlobalFungi
Tricholoma_viridilutescens,6,GlobalFungi
Tuber_borchii,6,GlobalFungi
Alnicola_spectabilis,5,GlobalFungi
Amanita_griseopantherina,5,GlobalFungi
Boletus_pinophilus,5,GlobalFungi
Cortinarius_aavae,5,GlobalFungi
Cortinarius_badiovinaceus,5,GlobalFungi
Cortinarius_claroplaniusculus,5,GlobalFungi
Cortinarius_danili,5,GlobalFungi
Cortinarius_evernius,5,GlobalFungi
Cortinarius_flammeouraceus,5,GlobalFungi
Cortinarius_fuscovelatus,5,GlobalFungi
Cortinarius_paralbocyaneus,5,GlobalFungi
Cortinarius_perrotensis,5,GlobalFungi
Cortinarius_pseudorubricosus,5,GlobalFungi
Cortinarius_quarciticus,5,GlobalFungi
Cortinarius_suberi,5,GlobalFungi
Cortinarius_violaceus,5,GlobalFungi
Craterellus_cornucopioides,5,GlobalFungi
Elaphomyces_decipiens,5,GlobalFungi
Genea_darii,5,GlobalFungi
Hebeloma_pinetorum,5,GlobalFungi
Helvella_pseudolacunosa,5,GlobalFungi
Inocybe_chalcodoxantha,5,GlobalFungi
Inocybe_chondroderma,5,GlobalFungi
Inocybe_phaeocystidiosa,5,GlobalFungi
Inocybe_sindonia,5,GlobalFungi
Inocybe_teraturgus,5,GlobalFungi
Lactarius_substriatus,5,GlobalFungi
Otidea_formicarum,5,GlobalFungi
Phellodon_fuligineoalbus,5,GlobalFungi
Phellodon_violascens,5,GlobalFungi
Polyozellus_badjelanndanus,5,GlobalFungi
Russula_rhodopus,5,GlobalFungi
Russula_sapinea,5,GlobalFungi
Thaxterogaster_microspermus,5,GlobalFungi
Thelephora_palmata,5,GlobalFungi
Tomentella_asperula,5,GlobalFungi
Tomentella_lilacinogrisea,5,GlobalFungi
Tomentella_subclavigera,5,GlobalFungi
Tricholoma_arvernense,5,GlobalFungi
Tricholoma_atrodiscus,5,GlobalFungi
Truncocolumella_citrina,5,GlobalFungi
Albatrellus_confluens,4,GlobalFungi
Amanita_crenulata,4,GlobalFungi
Cortinarius_alaskaensis,4,GlobalFungi
Cortinarius_anisatus,4,GlobalFungi
Cortinarius_bovarius,4,GlobalFungi
Cortinarius_brunneus,4,GlobalFungi
Cortinarius_callochrous,4,GlobalFungi
Cortinarius_carabus,4,GlobalFungi
Cortinarius_clarobrunneus,4,GlobalFungi
Cortinarius_fibrillosibrunneus,4,GlobalFungi
Cortinarius_hemitrichus,4,GlobalFungi
Cortinarius_nymphatus,4,GlobalFungi
Cortinarius_pseudoduracinus,4,GlobalFungi
Cortinarius_pseudoglaucopus,4,GlobalFungi
Helvella_macropus,4,GlobalFungi
Hydnellum_peckii,4,GlobalFungi
Hygrophorus_fragrans,4,GlobalFungi
Hygrophorus_morrisii,4,GlobalFungi
Hygrophorus_persicolor,4,GlobalFungi
Inocybe_aurea,4,GlobalFungi
Inocybe_obscurobadia,4,GlobalFungi
Inocybe_oetziana,4,GlobalFungi
Inocybe_subnudipes,4,GlobalFungi
Lactarius_repraesentaneus,4,GlobalFungi
Naucoria_luteolofibrillosa,4,GlobalFungi
Naucoria_tantilla,4,GlobalFungi
Otidea_brunneoparva,4,GlobalFungi
Otidea_pseudoleporina,4,GlobalFungi
Polyozellus_mucidulus,4,GlobalFungi
Ramaria_suecica,4,GlobalFungi
Rhizopogon_albidus,4,GlobalFungi
Rhizopogon_brunneiniger,4,GlobalFungi
Rhizopogon_truncatus,4,GlobalFungi
Russula_arvernensis,4,GlobalFungi
Russula_cavipes,4,GlobalFungi
Russula_grata,4,GlobalFungi
Russula_katarinae,4,GlobalFungi
Russula_pallescens,4,GlobalFungi
Russula_phoenicea,4,GlobalFungi
Russula_praeumbonata,4,GlobalFungi
Russula_salishensis,4,GlobalFungi
Scleroderma_bovista,4,GlobalFungi
Suillus_discolor,4,GlobalFungi
Tomentella_galzinii,4,GlobalFungi
Tomentella_pilosa,4,GlobalFungi
Tricholoma_felschii,4,GlobalFungi
Tricholoma_sulphureum,4,GlobalFungi
Amanita_aprica,3,GlobalFungi
Amanita_frostiana,3,GlobalFungi
Amanita_fulvoides,3,GlobalFungi
Amanita_gemmata,3,GlobalFungi
Amanita_nivalis,3,GlobalFungi
Amanita_vaginata,3,GlobalFungi
Amanita_virosa,3,GlobalFungi
Chroogomphus_ochraceus,3,GlobalFungi
Cortinarius_alces,3,GlobalFungi
Cortinarius_americanus,3,GlobalFungi
Cortinarius_ammophiloides,3,GlobalFungi
Cortinarius_areni-silvae,3,GlobalFungi
Cortinarius_atrosquamosus,3,GlobalFungi
Cortinarius_biriensis,3,GlobalFungi
Cortinarius_colorius,3,GlobalFungi
Cortinarius_crassisporus,3,GlobalFungi
Cortinarius_croceosimilis,3,GlobalFungi
Cortinarius_davemallochii,3,GlobalFungi
Cortinarius_jonimitchelliae,3,GlobalFungi
Cortinarius_jubarinus,3,GlobalFungi
Cortinarius_latiodistributus,3,GlobalFungi
Cortinarius_mattiae,3,GlobalFungi
Cortinarius_paululus,3,GlobalFungi
Cortinarius_phrygianus,3,GlobalFungi
Cortinarius_pitkinensis,3,GlobalFungi
Cortinarius_pseudofusisporus,3,GlobalFungi
Cortinarius_pseudonaevosus,3,GlobalFungi
Cortinarius_quercophilus,3,GlobalFungi
Cortinarius_roseoarmillatus,3,GlobalFungi
Cortinarius_smithii,3,GlobalFungi
Cortinarius_torvus,3,GlobalFungi
Cortinarius_truckeensis,3,GlobalFungi
Cortinarius_umbilicatus,3,GlobalFungi
Cortinarius_urbicus,3,GlobalFungi
Gilkeya_compacta,3,GlobalFungi
Hebeloma_brunneifolium,3,GlobalFungi
Helvella_lactea,3,GlobalFungi
Hydnum_albertense,3,GlobalFungi
Hydnum_atlanticum,3,GlobalFungi
Hygrophorus_agathosmus,3,GlobalFungi
Hygrophorus_discoideus,3,GlobalFungi
Hygrophorus_flavodiscus,3,GlobalFungi
Inocybe_ambigua,3,GlobalFungi
Inocybe_digitula,3,GlobalFungi
Inocybe_lampetiana,3,GlobalFungi
Inocybe_leonina,3,GlobalFungi
Inocybe_leucoblema,3,GlobalFungi
Inocybe_malenconii,3,GlobalFungi
Inocybe_paludinella,3,GlobalFungi
Inocybe_proximella,3,GlobalFungi
Inocybe_pusio,3,GlobalFungi
Inocybe_trochili,3,GlobalFungi
Inocybe_ukkoi,3,GlobalFungi
Inocybe_umbratica,3,GlobalFungi
Lactarius_brunneohepaticus,3,GlobalFungi
Leccinum_schistophilum,3,GlobalFungi
Leucangium_carthusianum,3,GlobalFungi
Lyophyllum_konradianum,3,GlobalFungi
Otidea_nannfeldtii,3,GlobalFungi
Otidea_oregonensis,3,GlobalFungi
Phellodon_niger,3,GlobalFungi
Ramaria_stricta,3,GlobalFungi
Rhizopogon_occidentalis,3,GlobalFungi
Russula_ashihoi,3,GlobalFungi
Russula_depallens,3,GlobalFungi
Russula_gracillima,3,GlobalFungi
Russula_lateritia,3,GlobalFungi
Russula_modesta,3,GlobalFungi
Russula_nigricans,3,GlobalFungi
Russula_nigrifacta,3,GlobalFungi
Russula_parapallens,3,GlobalFungi
Thaxterogaster_turmalis,3,GlobalFungi
Tomentella_flavidobadia,3,GlobalFungi
Tricholoma_fumosoluteum,3,GlobalFungi
Tricholoma_intermedium,3,GlobalFungi
Tricholoma_odorum,3,GlobalFungi
Alnicola_cholea,2,GlobalFungi
Amanita_betulae,2,GlobalFungi
Amanita_novinupta,2,GlobalFungi
Amanita_variicolor,2,GlobalFungi
Amanita_vernicoccora,2,GlobalFungi
Boletopsis_leucomelaena,2,GlobalFungi
Boletus_campestris,2,GlobalFungi
Boletus_subalpinus,2,GlobalFungi
Clavulina_perplexa,2,GlobalFungi
Cortinarius_albovariegatus,2,GlobalFungi
Cortinarius_alboviolaceus,2,GlobalFungi
Cortinarius_algonquinensis,2,GlobalFungi
Cortinarius_allutus,2,GlobalFungi
Cortinarius_alutarius,2,GlobalFungi
Cortinarius_anomalodelicatus,2,GlobalFungi
Cortinarius_aureifolius,2,GlobalFungi
Cortinarius_brunneoaffinis,2,GlobalFungi
Cortinarius_brunneocalcarius,2,GlobalFungi
Cortinarius_claricolor,2,GlobalFungi
Cortinarius_coleoptera,2,GlobalFungi
Cortinarius_cyanites,2,GlobalFungi
Cortinarius_delibutus,2,GlobalFungi
Cortinarius_dolabratoides,2,GlobalFungi
Cortinarius_exsularis,2,GlobalFungi
Cortinarius_fructuodorus,2,GlobalFungi
Cortinarius_glaucocephalus,2,GlobalFungi
Cortinarius_heterocyclus,2,GlobalFungi
Cortinarius_intempestivus,2,GlobalFungi
Cortinarius_melleopallens,2,GlobalFungi
Cortinarius_miwok,2,GlobalFungi
Cortinarius_muscicola,2,GlobalFungi
Cortinarius_nigrellus,2,GlobalFungi
Cortinarius_niveoglobosus,2,GlobalFungi
Cortinarius_perlaetissimus,2,GlobalFungi
Cortinarius_perviolaceus,2,GlobalFungi
Cortinarius_piceidisjungendus,2,GlobalFungi
Cortinarius_pilatii,2,GlobalFungi
Cortinarius_politus,2,GlobalFungi
Cortinarius_psammocola,2,GlobalFungi
Cortinarius_pseudofervidus,2,GlobalFungi
Cortinarius_rubellus,2,GlobalFungi
Cortinarius_sagacitas,2,GlobalFungi
Cortinarius_subfloccopus,2,GlobalFungi
Cortinarius_subtabularis,2,GlobalFungi
Cortinarius_trivialis,2,GlobalFungi
Cortinarius_vagabundus,2,GlobalFungi
Elaphomyces_roseoviolaceus,2,GlobalFungi
Gautieria_globispora,2,GlobalFungi
Genea_balsleyi,2,GlobalFungi
Geopora_nicaeensis,2,GlobalFungi
Gomphidius_borealis,2,GlobalFungi
Gomphidius_smithii,2,GlobalFungi
Hebeloma_angustisporium,2,GlobalFungi
Helvella_elastica,2,GlobalFungi
Hydnellum_bomiense,2,GlobalFungi
Hydnum_melleopallidum,2,GlobalFungi
Hygrophorus_inocybiformis,2,GlobalFungi
Hygrophorus_lucorum,2,GlobalFungi
Inocybe_erythospilota,2,GlobalFungi
Inocybe_exilis,2,GlobalFungi
Inocybe_griseovelata,2,GlobalFungi
Inocybe_hystrix,2,GlobalFungi
Inocybe_leptocystis,2,GlobalFungi
Inocybe_nematoloma,2,GlobalFungi
Inocybe_posterula,2,GlobalFungi
Inocybe_praetervisa,2,GlobalFungi
Inocybe_pseudoteraturgus,2,GlobalFungi
Inocybe_purpureobadia,2,GlobalFungi
Inocybe_rivularis,2,GlobalFungi
Inocybe_subbrunnea,2,GlobalFungi
Inocybe_suecica,2,GlobalFungi
Inocybe_velicopia,2,GlobalFungi
Inocybe_vulpinella,2,GlobalFungi
Inocybe_zethi,2,GlobalFungi
Laccaria_ochropurpurea,2,GlobalFungi
Lactarius_lanceolatus,2,GlobalFungi
Lactarius_miniatosporus,2,GlobalFungi
Lactarius_pyrogalus,2,GlobalFungi
Leccinum_snellii,2,GlobalFungi
Leucogaster_rubescens,2,GlobalFungi
Mallocybe_piceae,2,GlobalFungi
Mallocybe_substraminipes,2,GlobalFungi
Myrmecocystis_cerebriformis,2,GlobalFungi
Myrmecocystis_microspora,2,GlobalFungi
Otidea_onotica,2,GlobalFungi
Pachyphlodes_citrina,2,GlobalFungi
Polyozellus_rhizopunctatus,2,GlobalFungi
Ramaria_marrii,2,GlobalFungi
Ramaria_rubella,2,GlobalFungi
Rhizopogon_ellenae,2,GlobalFungi
Russula_atramentosa,2,GlobalFungi
Russula_atroaeruginea,2,GlobalFungi
Russula_compacta,2,GlobalFungi
Russula_cremeirosea,2,GlobalFungi
Russula_fellea,2,GlobalFungi
Russula_foetens,2,GlobalFungi
Russula_fucosa,2,GlobalFungi
Russula_graminea,2,GlobalFungi
Russula_murrillii,2,GlobalFungi
Russula_olivobrunnea,2,GlobalFungi
Russula_punicea,2,GlobalFungi
Russula_rugulosa,2,GlobalFungi
Russula_saliceticola,2,GlobalFungi
Russula_suecica,2,GlobalFungi
Russula_velenovskyi,2,GlobalFungi
Scleroderma_areolatum,2,GlobalFungi
Sebacina_candida,2,GlobalFungi
Sebacina_cystidiata,2,GlobalFungi
Suillus_americanus,2,GlobalFungi
Suillus_decipiens,2,GlobalFungi
Thaxterogaster_alboamarescens,2,GlobalFungi
Thelephora_penicillata,2,GlobalFungi
Thelephora_scissilis,2,GlobalFungi
Tomentella_atroarenicolor,2,GlobalFungi
Tomentella_atrobadia,2,GlobalFungi
Tomentella_fuscocinerea,2,GlobalFungi
Tricholoma_boreosulphurescens,2,GlobalFungi
Tricholoma_dulciolens,2,GlobalFungi
Tricholoma_psammopus,2,GlobalFungi
Tricholoma_stiparophyllum,2,GlobalFungi
Tuber_brennemanii,2,GlobalFungi
Tuber_separans,2,GlobalFungi
Tuber_walkeri,2,GlobalFungi
Xerocomus_ferrugineus,2,GlobalFungi
Albatrellus_subrubescens,1,GlobalFungi
Alnicola_macrospora,1,GlobalFungi
Amanita_bisporigera,1,GlobalFungi
Amanita_phalloides,1,GlobalFungi
Amanita_spreta,1,GlobalFungi
Amanita_wellsii,1,GlobalFungi
Astraeus_smithii,1,GlobalFungi
Balsamia_nigrans,1,GlobalFungi
Boletopsis_macrocarpa,1,GlobalFungi
Boletopsis_watlingii,1,GlobalFungi
Boletus_paluster,1,GlobalFungi
Butyriboletus_primiregius,1,GlobalFungi
Coltricia_cinnamomea,1,GlobalFungi
Cortinarius_alboadustus,1,GlobalFungi
Cortinarius_alboglobosus,1,GlobalFungi
Cortinarius_anthracinus,1,GlobalFungi
Cortinarius_balteatoalbus,1,GlobalFungi
Cortinarius_barbaricus,1,GlobalFungi
Cortinarius_bibulus,1,GlobalFungi
Cortinarius_birkebakii,1,GlobalFungi
Cortinarius_borealis,1,GlobalFungi
Cortinarius_boreasensis,1,GlobalFungi
Cortinarius_boreotrichus,1,GlobalFungi
Cortinarius_brevissimus,1,GlobalFungi
Cortinarius_brunneoperonatus,1,GlobalFungi
Cortinarius_caesioarmeniacus,1,GlobalFungi
Cortinarius_californicus,1,GlobalFungi
Cortinarius_campester,1,GlobalFungi
Cortinarius_castaneopallidus,1,GlobalFungi
Cortinarius_ceraceus,1,GlobalFungi
Cortinarius_chrysolitus,1,GlobalFungi
Cortinarius_collangustus,1,GlobalFungi
Cortinarius_cyprinus,1,GlobalFungi
Cortinarius_deceptivissimus,1,GlobalFungi
Cortinarius_ectypus,1,GlobalFungi
Cortinarius_epipurrus,1,GlobalFungi
Cortinarius_fennoscandicus,1,GlobalFungi
Cortinarius_flavobasilis,1,GlobalFungi
Cortinarius_floccopus,1,GlobalFungi
Cortinarius_fuscoalbus,1,GlobalFungi
Cortinarius_fuscobovinus,1,GlobalFungi
Cortinarius_fuscotomentosus,1,GlobalFungi
Cortinarius_gausapatus,1,GlobalFungi
Cortinarius_geraniolens,1,GlobalFungi
Cortinarius_glutinosus,1,GlobalFungi
Cortinarius_gueneri,1,GlobalFungi
Cortinarius_heterosporus,1,GlobalFungi
Cortinarius_hirtipes,1,GlobalFungi
Cortinarius_illitus,1,GlobalFungi
Cortinarius_iunii,1,GlobalFungi
Cortinarius_magispilomeus,1,GlobalFungi
Cortinarius_mallaensis,1,GlobalFungi
Cortinarius_multicolor,1,GlobalFungi
Cortinarius_niveotraganus,1,GlobalFungi
Cortinarius_olivaceoluteus,1,GlobalFungi
Cortinarius_olivaceosquamosus,1,GlobalFungi
Cortinarius_panellus,1,GlobalFungi
Cortinarius_patrickensis,1,GlobalFungi
Cortinarius_pseudobovinus,1,GlobalFungi
Cortinarius_roseobrunneus,1,GlobalFungi
Cortinarius_rossicioenochelis,1,GlobalFungi
Cortinarius_russulaespermus,1,GlobalFungi
Cortinarius_saginus,1,GlobalFungi
Cortinarius_sanguineus,1,GlobalFungi
Cortinarius_septentrionalis,1,GlobalFungi
Cortinarius_serratissimus,1,GlobalFungi
Cortinarius_subcoronatus,1,GlobalFungi
Cortinarius_subpuellaris,1,GlobalFungi
Cortinarius_subscotoides,1,GlobalFungi
Cortinarius_subserratissimus,1,GlobalFungi
Cortinarius_subtortus,1,GlobalFungi
Cortinarius_tetonensis,1,GlobalFungi
Cortinarius_timiskamingensis,1,GlobalFungi
Cortinarius_trappei,1,GlobalFungi
Cortinarius_umbrinobellus,1,GlobalFungi
Cortinarius_vernus,1,GlobalFungi
Cortinarius_viridiflavus,1,GlobalFungi
Cortinarius_vitreopileatus,1,GlobalFungi
Craterellus_caeruleofuscus,1,GlobalFungi
Craterellus_fallax,1,GlobalFungi
Elaphomyces_citrinopapillatus,1,GlobalFungi
Gautieria_magnicellaris,1,GlobalFungi
Gyroporus_cyanescens,1,GlobalFungi
Gyroporus_subalbellus,1,GlobalFungi
Hebeloma_ammophilum,1,GlobalFungi
Hebeloma_cistophilum,1,GlobalFungi
Hebeloma_islandicum,1,GlobalFungi
Hebeloma_rostratum,1,GlobalFungi
Hebeloma_sinapizans,1,GlobalFungi
Hebeloma_syrjense,1,GlobalFungi
Helvella_bicolor,1,GlobalFungi
Helvella_costifera,1,GlobalFungi
Helvella_fibrosa,1,GlobalFungi
Helvella_sinohyperborea,1,GlobalFungi
Helvellosebacina_concrescens,1,GlobalFungi
Hydnellum_glaucopus,1,GlobalFungi
Hydnotrya_cerebriformis,1,GlobalFungi
Hydnotrya_cubispora,1,GlobalFungi
Hydnum_quebecense,1,GlobalFungi
Hygrophorus_chrysodon,1,GlobalFungi
Hygrophorus_discoxanthus,1,GlobalFungi
Hygrophorus_fuligineus,1,GlobalFungi
Hygrophorus_hedrychii,1,GlobalFungi
Hygrophorus_neoerubescens,1,GlobalFungi
Hymenogaster_arenarius,1,GlobalFungi
Hymenogaster_huthii,1,GlobalFungi
Inocybe_acuta,1,GlobalFungi
Inocybe_acutoides,1,GlobalFungi
Inocybe_adorabilis,1,GlobalFungi
Inocybe_arenicola,1,GlobalFungi
Inocybe_armeniaca,1,GlobalFungi
Inocybe_assimilata,1,GlobalFungi
Inocybe_bulbosissima,1,GlobalFungi
Inocybe_calospora,1,GlobalFungi
Inocybe_carolinensis,1,GlobalFungi
Inocybe_caroticolor,1,GlobalFungi
Inocybe_cicatricata,1,GlobalFungi
Inocybe_comis,1,GlobalFungi
Inocybe_demetris,1,GlobalFungi
Inocybe_dulciolens,1,GlobalFungi
Inocybe_fulvella,1,GlobalFungi
Inocybe_geraniodora,1,GlobalFungi
Inocybe_glabrescens,1,GlobalFungi
Inocybe_hirtella,1,GlobalFungi
Inocybe_kauffmanii,1,GlobalFungi
Inocybe_lapponica,1,GlobalFungi
Inocybe_melanopus,1,GlobalFungi
Inocybe_multicoronata,1,GlobalFungi
Inocybe_obtusiuscula,1,GlobalFungi
Inocybe_pipilikae,1,GlobalFungi
Inocybe_rimosa,1,GlobalFungi
Inocybe_saliceticola,1,GlobalFungi
Inocybe_stellatospora,1,GlobalFungi
Inocybe_sublilacina,1,GlobalFungi
Inocybe_subpaleacea,1,GlobalFungi
Inocybe_subporospora,1,GlobalFungi
Inocybe_tahquamenonensis,1,GlobalFungi
Inocybe_tetragonospora,1,GlobalFungi
Inocybe_tjallingiorum,1,GlobalFungi
Inocybe_whitei,1,GlobalFungi
Laccaria_trichodermophora,1,GlobalFungi
Lactarius_alpinus,1,GlobalFungi
Lactarius_cordovaensis,1,GlobalFungi
Lactarius_decipiens,1,GlobalFungi
Lactarius_echinellus,1,GlobalFungi
Lactarius_evosmus,1,GlobalFungi
Lactarius_imperceptus,1,GlobalFungi
Lactarius_nanus,1,GlobalFungi
Lactarius_resimus,1,GlobalFungi
Lactarius_spinosulus,1,GlobalFungi
Lactarius_uvidus,1,GlobalFungi
Lactifluus_subvellereus,1,GlobalFungi
Lyophyllum_deliberatum,1,GlobalFungi
Lyophyllum_maleolens,1,GlobalFungi
Mallocybe_leucoloma,1,GlobalFungi
Octaviania_zelleri,1,GlobalFungi
Otidea_alutacea,1,GlobalFungi
Otidea_cupulata,1,GlobalFungi
Otidea_gongnaisiensis,1,GlobalFungi
Otidea_mirabilis,1,GlobalFungi
Otidea_papillata,1,GlobalFungi
Pachyphlodes_carnea,1,GlobalFungi
Pachyphlodes_nemoralis,1,GlobalFungi
Parascutellinia_carneosanguinea,1,GlobalFungi
Picoa_juniperi,1,GlobalFungi
Pisolithus_arhizus,1,GlobalFungi
Polyozellus_alnophilus,1,GlobalFungi
Ramaria_apiculata,1,GlobalFungi
Ramaria_comitis,1,GlobalFungi
Ramaria_longispora,1,GlobalFungi
Ramaria_rubricarnata,1,GlobalFungi
Retiboletus_griseus,1,GlobalFungi
Rhizopogon_ochraceorubens,1,GlobalFungi
Rhizopogon_subpurpurascens,1,GlobalFungi
Russula_albonigra,1,GlobalFungi
Russula_alnetorum,1,GlobalFungi
Russula_aurora,1,GlobalFungi
Russula_borealis,1,GlobalFungi
Russula_brunneola,1,GlobalFungi
Russula_cerolens,1,GlobalFungi
Russula_crassipes,1,GlobalFungi
Russula_crassotunicata,1,GlobalFungi
Russula_cremoricolor,1,GlobalFungi
Russula_cristulispora,1,GlobalFungi
Russula_decipiens,1,GlobalFungi
Russula_fulvescens,1,GlobalFungi
Russula_laeta,1,GlobalFungi
Russula_nauseosa,1,GlobalFungi
Russula_odorata,1,GlobalFungi
Russula_polycystis,1,GlobalFungi
Russula_puellaris,1,GlobalFungi
Russula_rhodocephala,1,GlobalFungi
Russula_rubescens,1,GlobalFungi
Russula_sinoadusta,1,GlobalFungi
Russula_tengii,1,GlobalFungi
Russula_vinosobrunneola,1,GlobalFungi
Sarcodon_imbricatus,1,GlobalFungi
Sebacina_dimitica,1,GlobalFungi
Sphaerosporella_brunnea,1,GlobalFungi
Suillus_bovinus,1,GlobalFungi
Suillus_granulatus,1,GlobalFungi
Suillus_grevillei,1,GlobalFungi
Suillus_pungens,1,GlobalFungi
Tarzetta_gregaria,1,GlobalFungi
Thaxterogaster_caesiophylloides,1,GlobalFungi
Thaxterogaster_frondosomultiformis,1,GlobalFungi
Thaxterogaster_pallidirimosus,1,GlobalFungi
Thaxterogaster_subporphyropus,1,GlobalFungi
Thelephora_anthocephala,1,GlobalFungi
Tomentella_clavigera,1,GlobalFungi
Tomentella_efibulata,1,GlobalFungi
Tomentella_longisterigmata,1,GlobalFungi
Tomentella_olivacea,1,GlobalFungi
Tomentella_pertenuis,1,GlobalFungi
Tomentellopsis_zygodesmoides,1,GlobalFungi
Tricholoma_apium,1,GlobalFungi
Tricholoma_bryogenum,1,GlobalFungi
Tricholoma_luteomaculosum,1,GlobalFungi
Tricholoma_populinum,1,GlobalFungi
Tricholoma_roseoacerbum,1,GlobalFungi
Trichophaea_woolhopeia,1,GlobalFungi
Tuber_arnoldianum,1,GlobalFungi
Tuber_excelsireticulatum,1,GlobalFungi
Tuber_floridanum,1,GlobalFungi
Tuber_mexiusanum,1,GlobalFungi
Tylospora_fibrillosa,1,GlobalFungi
Russula_emetica,36,GenBank
Amanita_fulva,27,GenBank
Russula_adusta,24,GenBank
Tricholoma_vaccinum,22,GenBank
Cortinarius_croceus,19,GenBank
Russula_decolorans,18,GenBank
Amanita_muscaria,17,GenBank
Amanita_olivaceogrisea,17,GenBank
Amanita_rhacopus,17,GenBank
Lactarius_hengduanensis,17,GenBank
Russula_variata,17,GenBank
Russula_aeruginea,16,GenBank
Russula_rugulosa,15,GenBank
Amanita_griseopantherina,14,GenBank
Cortinarius_malicorius,14,GenBank
Russula_compacta,14,GenBank
Russula_pascua,14,GenBank
Russula_versicolor,14,GenBank
Russula_vinosa,13,GenBank
Tricholoma_fulvimarginatum,13,GenBank
Tricholoma_fulvum,13,GenBank
Amanita_porphyria,12,GenBank
Cortinarius_lucorum,12,GenBank
Russula_lateritia,12,GenBank
Tricholoma_argyraceum,12,GenBank
Tricholoma_saponaceum,12,GenBank
Cortinarius_traganus,11,GenBank
Inocybe_geophylla,11,GenBank
Russula_katarinae,11,GenBank
Amanita_brunnescens,10,GenBank
Amanita_flavoconia,10,GenBank
Amanita_augusta,9,GenBank
Cortinarius_alpinus,9,GenBank
Cortinarius_aurantiobasis,9,GenBank
Cortinarius_centrirufus,9,GenBank
Cortinarius_illibatus,9,GenBank
Hebeloma_incarnatulum,9,GenBank
Hebeloma_monticola,9,GenBank
Hydnum_umbilicatum,9,GenBank
Polyozellus_multiplex,9,GenBank
Russula_fellea,9,GenBank
Russula_griseascens,9,GenBank
Russula_silvestris,9,GenBank
Russula_xantho,9,GenBank
Thaxterogaster_multiformis,9,GenBank
Xerocomellus_zelleri,9,GenBank
Amanita_vaginata,8,GenBank
Cortinarius_cinnamomeus,8,GenBank
Cortinarius_illuminoides,8,GenBank
Cortinarius_malachius,8,GenBank
Cortinarius_sanguineus,8,GenBank
Inocybe_occulta,8,GenBank
Lactarius_pseudoscrobiculatus,8,GenBank
Lactarius_rufus,8,GenBank
Russula_cerolens,8,GenBank
Russula_crassotunicata,8,GenBank
Russula_favrei,8,GenBank
Russula_nigricans,8,GenBank
Russula_peckii,8,GenBank
Tricholoma_felschii,8,GenBank
Tricholoma_fumosoluteum,8,GenBank
Tricholoma_portentosum,8,GenBank
Amanita_solaniolens,7,GenBank
Cortinarius_casimiri,7,GenBank
Cortinarius_junghuhnii,7,GenBank
Cortinarius_raphanoides,7,GenBank
Hebeloma_perexiguum,7,GenBank
Hygrophorus_aurorae,7,GenBank
Inocybe_flocculosa,7,GenBank
Inocybe_sindonia,7,GenBank
Inocybe_tjallingiorum,7,GenBank
Lactarius_badiosanguineus,7,GenBank
Lactarius_mammosus,7,GenBank
Russula_cascadensis,7,GenBank
Russula_crustosa,7,GenBank
Thaxterogaster_scaurus,7,GenBank
Thelephora_caryophyllea,7,GenBank
Tricholoma_imbricatoides,7,GenBank
Tricholoma_roseoacerbum,7,GenBank
Tricholoma_subluteum,7,GenBank
Amanita_rubescens,6,GenBank
Amanita_spreta,6,GenBank
Amanita_wellsii,6,GenBank
Cantharellus_camphoratus,6,GenBank
Cortinarius_athabascus,6,GenBank
Cortinarius_bivelosimilis,6,GenBank
Cortinarius_camphoratus,6,GenBank
Cortinarius_chrysolitus,6,GenBank
Cortinarius_firmus,6,GenBank
Cortinarius_obtusus,6,GenBank
Cortinarius_orasericeus,6,GenBank
Cortinarius_pholideus,6,GenBank
Cortinarius_rubellus,6,GenBank
Cortinarius_suberi,6,GenBank
Hebeloma_asperulatum,6,GenBank
Hydnellum_scabrosum,6,GenBank
Hydnum_repandum,6,GenBank
Inocybe_fuscidula,6,GenBank
Lactarius_trivialis,6,GenBank
Paxillus_involutus,6,GenBank
Russula_aeruginosa,6,GenBank
Russula_atroglauca,6,GenBank
Russula_aurantioflammans,6,GenBank
Russula_aurora,6,GenBank
Russula_depallens,6,GenBank
Russula_farinipes,6,GenBank
Russula_flocculosa,6,GenBank
Russula_granulata,6,GenBank
Russula_modesta,6,GenBank
Russula_murrillii,6,GenBank
Russula_pseudotsugarum,6,GenBank
Russula_rubescens,6,GenBank
Russula_vinososordida,6,GenBank
Thaxterogaster_comarostaphylidis,6,GenBank
Tricholoma_cingulatum,6,GenBank
Tricholoma_focale,6,GenBank
Tricholoma_pessundatum,6,GenBank
Tricholoma_virgatum,6,GenBank
Aureoboletus_mirabilis,5,GenBank
Boletus_edulis,5,GenBank
Cortinarius_brunneotinctus,5,GenBank
Cortinarius_caesioarmeniacus,5,GenBank
Cortinarius_clandestinus,5,GenBank
Cortinarius_claricolor,5,GenBank
Cortinarius_evernius,5,GenBank
Cortinarius_fulvescens,5,GenBank
Cortinarius_grosmorneensis,5,GenBank
Cortinarius_harvardensis,5,GenBank
Cortinarius_millaresensis,5,GenBank
Cortinarius_obliquus,5,GenBank
Cortinarius_saniosus,5,GenBank
Cortinarius_saturninus,5,GenBank
Gomphidius_borealis,5,GenBank
Inocybe_curvipes,5,GenBank
Inocybe_lanuginosa,5,GenBank
Inocybe_sambucina,5,GenBank
Laccaria_araneosa,5,GenBank
Phellodon_tomentosus,5,GenBank
Piloderma_sphaerosporum,5,GenBank
Russula_acrifolia,5,GenBank
Russula_brevipes,5,GenBank
Russula_fucosa,5,GenBank
Russula_graminea,5,GenBank
Russula_grata,5,GenBank
Russula_ornaticeps,5,GenBank
Russula_salishensis,5,GenBank
Russula_subrubescens,5,GenBank
Russula_viridella,5,GenBank
Thaxterogaster_talus,5,GenBank
Tricholoma_aestuans,5,GenBank
Tricholoma_caligatum,5,GenBank
Tricholoma_dulciolens,5,GenBank
Tricholoma_olivaceum,5,GenBank
Tricholoma_stans,5,GenBank
Alnicola_sphagneti,4,GenBank
Amanita_pseudopantherina,4,GenBank
Amanita_spadicea,4,GenBank
Boletus_fibrillosus,4,GenBank
Cortinarius_armeniacus,4,GenBank
Cortinarius_biformis,4,GenBank
Cortinarius_bolaris,4,GenBank
Cortinarius_clintonianus,4,GenBank
Cortinarius_ferrei,4,GenBank
Cortinarius_hadrocroceus,4,GenBank
Cortinarius_hirtipes,4,GenBank
Cortinarius_illitus,4,GenBank
Cortinarius_imbutus,4,GenBank
Cortinarius_laniger,4,GenBank
Cortinarius_montebelloensis,4,GenBank
Cortinarius_privignipallens,4,GenBank
Cortinarius_rusticus,4,GenBank
Cortinarius_saginus,4,GenBank
Inocybe_hystrix,4,GenBank
Inocybe_inodora,4,GenBank
Inocybe_sororia,4,GenBank
Laccaria_populina,4,GenBank
Lactarius_vietus,4,GenBank
Piloderma_olivaceum,4,GenBank
Rhizopogon_parksii,4,GenBank
Russula_fulvescens,4,GenBank
Russula_garyensis,4,GenBank
Russula_mordax,4,GenBank
Russula_obscurozelleri,4,GenBank
Russula_ochroleucoides,4,GenBank
Russula_pallescens,4,GenBank
Russula_phoenicea,4,GenBank
Russula_postiana,4,GenBank
Russula_pseudolepida,4,GenBank
Russula_pulchra,4,GenBank
Suillus_cavipes,4,GenBank
Suillus_lakei,4,GenBank
Tomentella_terrestris,4,GenBank
Tricholoma_albobrunneum,4,GenBank
Tricholoma_ammophilum,4,GenBank
Tricholoma_atrodiscus,4,GenBank
Tricholoma_davisiae,4,GenBank
Tricholoma_grave,4,GenBank
Tricholoma_odorum,4,GenBank
Tricholoma_pullum,4,GenBank
Tricholoma_serratifolium,4,GenBank
Alnicola_spectabilis,3,GenBank
Amanita_frostiana,3,GenBank
Amanita_jacksonii,3,GenBank
Amanita_murrilliana,3,GenBank
Amanita_novinupta,3,GenBank
Amanita_ristichii,3,GenBank
Cantharellus_cibarius,3,GenBank
Cortinarius_armillatus,3,GenBank
Cortinarius_comptulus,3,GenBank
Cortinarius_danili,3,GenBank
Cortinarius_glandicolor,3,GenBank
Cortinarius_glaucopus,3,GenBank
Cortinarius_humboldtensis,3,GenBank
Cortinarius_olivaceoluteus,3,GenBank
Cortinarius_roseomyceliosus,3,GenBank
Cortinarius_spilomeus,3,GenBank
Cortinarius_subpaleaceus,3,GenBank
Helvella_compressa,3,GenBank
Hydnellum_aurantiacum,3,GenBank
Hydnum_quebecense,3,GenBank
Hygrophorus_speciosus,3,GenBank
Inocybe_albodiscoides,3,GenBank
Inocybe_dulcamara,3,GenBank
Inocybe_lampetiana,3,GenBank
Inocybe_nobilis,3,GenBank
Inocybe_obtusiuscula,3,GenBank
Inocybe_tahquamenonensis,3,GenBank
Inocybe_umbratica,3,GenBank
Inocybe_volvata,3,GenBank
Inocybe_whitei,3,GenBank
Lactarius_lignyotus,3,GenBank
Lactarius_luculentus,3,GenBank
Lactarius_pseudodeceptivus,3,GenBank
Lactarius_pseudomucidus,3,GenBank
Lactarius_repraesentaneus,3,GenBank
Mallocybe_leucoloma,3,GenBank
Myrmecocystis_microspora,3,GenBank
Piloderma_lanatum,3,GenBank
Polyozellus_mariae,3,GenBank
Polyozellus_umbrinus,3,GenBank
Rhizopogon_vesiculosus,3,GenBank
Russula_aquosa,3,GenBank
Russula_ashihoi,3,GenBank
Russula_brunneoviolacea,3,GenBank
Russula_cavipes,3,GenBank
Russula_crassipes,3,GenBank
Russula_earlei,3,GenBank
Russula_fastigiata,3,GenBank
Russula_foetentula,3,GenBank
Russula_imitatrix,3,GenBank
Russula_praeumbonata,3,GenBank
Russula_pusilla,3,GenBank
Russula_straminella,3,GenBank
Suillus_caerulescens,3,GenBank
Suillus_flavidus,3,GenBank
Suillus_variegatus,3,GenBank
Tomentella_badia,3,GenBank
Tricholoma_columbetta,3,GenBank
Tricholoma_inamoenum,3,GenBank
Tricholoma_mcneilii,3,GenBank
Tricholoma_mesoamericanum,3,GenBank
Tricholoma_stiparophyllum,3,GenBank
Tuber_anniae,3,GenBank
Tylospora_asterophora,3,GenBank
Amanita_groenlandica,2,GenBank
Amanita_multisquamosa,2,GenBank
Amanita_peckiana,2,GenBank
Amanita_phalloides,2,GenBank
Amanita_smithiana,2,GenBank
Clavulina_cinerea,2,GenBank
Cortinarius_acutovelatus,2,GenBank
Cortinarius_alboviolaceus,2,GenBank
Cortinarius_andreae,2,GenBank
Cortinarius_angelesianus,2,GenBank
Cortinarius_anomalus,2,GenBank
Cortinarius_atkinsonianus,2,GenBank
Cortinarius_atroalbus,2,GenBank
Cortinarius_aureovelatus,2,GenBank
Cortinarius_ceraceus,2,GenBank
Cortinarius_cicindela,2,GenBank
Cortinarius_corrugatus,2,GenBank
Cortinarius_decipiens,2,GenBank
Cortinarius_dolabratus,2,GenBank
Cortinarius_fructuodorus,2,GenBank
Cortinarius_gentilis,2,GenBank
Cortinarius_glabrellus,2,GenBank
Cortinarius_infractiflavus,2,GenBank
Cortinarius_kauffmanianus,2,GenBank
Cortinarius_latiodistributus,2,GenBank
Cortinarius_nigrocuspidatus,2,GenBank
Cortinarius_paragaudis,2,GenBank
Cortinarius_paralbocyaneus,2,GenBank
Cortinarius_pilatii,2,GenBank
Cortinarius_psammocola,2,GenBank
Cortinarius_purpureus,2,GenBank
Cortinarius_quarciticus,2,GenBank
Cortinarius_quercophilus,2,GenBank
Cortinarius_vernus,2,GenBank
Elaphomyces_borealis,2,GenBank
Fuscoboletinus_spectabilis,2,GenBank
Geopora_cervina,2,GenBank
Geopora_sepulta,2,GenBank
Gomphidius_maculatus,2,GenBank
Gomphidius_oregonensis,2,GenBank
Helvella_corium,2,GenBank
Helvella_vespertina,2,GenBank
Hydnellum_earlianum,2,GenBank
Hydnellum_ferrugineum,2,GenBank
Hydnum_melitosarx,2,GenBank
Hygrophorus_flavodiscus,2,GenBank
Hygrophorus_hypothejus,2,GenBank
Hygrophorus_siccipes,2,GenBank
Inocybe_agglutinata,2,GenBank
Inocybe_caprimulgi,2,GenBank
Inocybe_cincinnata,2,GenBank
Inocybe_filiana,2,GenBank
Inocybe_fuscicothurnata,2,GenBank
Inocybe_kauffmanii,2,GenBank
Inocybe_luteifolia,2,GenBank
Inocybe_malenconii,2,GenBank
Inocybe_monochroa,2,GenBank
Inocybe_napipes,2,GenBank
Inocybe_nigridisca,2,GenBank
Inocybe_rufoalba,2,GenBank
Inocybe_semifulva,2,GenBank
Inocybe_subporospora,2,GenBank
Inocybe_trochili,2,GenBank
Inocybe_zethi,2,GenBank
Lactarius_alpinus,2,GenBank
Lactarius_aquizonatus,2,GenBank
Lactarius_camphoratus,2,GenBank
Lactarius_helvus,2,GenBank
Lactarius_substriatus,2,GenBank
Lactarius_tabidus,2,GenBank
Lactifluus_deceptivus,2,GenBank
Leccinum_insigne,2,GenBank
Leccinum_rotundifoliae,2,GenBank
Leccinum_schistophilum,2,GenBank
Lyophyllum_shimeji,2,GenBank
Naucoria_scolecina,2,GenBank
Paxillus_cuprinus,2,GenBank
Phellodon_atratus,2,GenBank
Phellodon_melaleucus,2,GenBank
Ramaria_calvodistalis,2,GenBank
Ramaria_flava,2,GenBank
Ramaria_sandaracina,2,GenBank
Ramaria_stricta,2,GenBank
Rhizopogon_salebrosus,2,GenBank
Rhizopogon_vinicolor,2,GenBank
Russula_americana,2,GenBank
Russula_byssina,2,GenBank
Russula_cristulispora,2,GenBank
Russula_hypofragilis,2,GenBank
Russula_puellaris,2,GenBank
Russula_sapinea,2,GenBank
Russula_subsulphurea,2,GenBank
Russula_subtilis,2,GenBank
Russula_vesca,2,GenBank
Sebacina_incrustans,2,GenBank
Suillus_americanus,2,GenBank
Suillus_glandulosipes,2,GenBank
Suillus_sinuspaulianus,2,GenBank
Suillus_viscidus,2,GenBank
Thaxterogaster_porphyropus,2,GenBank
Tomentella_bryophila,2,GenBank
Tomentella_ellisii,2,GenBank
Tomentella_fuscocinerea,2,GenBank
Tomentella_pallidocastanea,2,GenBank
Tricholoma_acre,2,GenBank
Tricholoma_arvernense,2,GenBank
Tricholoma_badicephalum,2,GenBank
Tricholoma_borgsjoeense,2,GenBank
Tricholoma_frondosae,2,GenBank
Tricholoma_hemisulphureum,2,GenBank
Tricholoma_smithii,2,GenBank
Tricholoma_terreum,2,GenBank
Truncocolumella_citrina,2,GenBank
Albatrellus_confluens,1,GenBank
Alpova_cinnamomeus,1,GenBank
Alpova_diplophloeus,1,GenBank
Amanita_aprica,1,GenBank
Amanita_constricta,1,GenBank
Amanita_elongata,1,GenBank
Amanita_friabilis,1,GenBank
Amanita_fulvoides,1,GenBank
Amanita_lavendula,1,GenBank
Amanita_morrisii,1,GenBank
Amanita_silvicola,1,GenBank
Amanita_submaculata,1,GenBank
Astraeus_morganii,1,GenBank
Boletopsis_leucomelaena,1,GenBank
Butyriboletus_querciregius,1,GenBank
Caloboletus_rubripes,1,GenBank
Cantharellus_betularum,1,GenBank
Cantharellus_cascadensis,1,GenBank
Catathelasma_evanescens,1,GenBank
Catathelasma_ventricosum,1,GenBank
Chroogomphus_jamaicensis,1,GenBank
Clavulina_coralloides,1,GenBank
Clavulina_iris_var._occidentalis,1,GenBank
Coltricia_perennis,1,GenBank
Cortinarius_acutus,1,GenBank
Cortinarius_ahsii,1,GenBank
Cortinarius_albomalus,1,GenBank
Cortinarius_alborufescens,1,GenBank
Cortinarius_ammiratii,1,GenBank
Cortinarius_ammophiloides,1,GenBank
Cortinarius_anomalosimilis,1,GenBank
Cortinarius_aurae,1,GenBank
Cortinarius_badiovinaceus,1,GenBank
Cortinarius_boreasensis,1,GenBank
Cortinarius_boulderensis,1,GenBank
Cortinarius_brunneoaffinis,1,GenBank
Cortinarius_brunneocalcarius,1,GenBank
Cortinarius_brunneoviscidus,1,GenBank
Cortinarius_brunneus,1,GenBank
Cortinarius_caesiifolius,1,GenBank
Cortinarius_calopus,1,GenBank
Cortinarius_caninus,1,GenBank
Cortinarius_carabus,1,GenBank
Cortinarius_catalanensis,1,GenBank
Cortinarius_clarobrunneus,1,GenBank
Cortinarius_compressus,1,GenBank
Cortinarius_cruentiphyllus,1,GenBank
Cortinarius_cyanites,1,GenBank
Cortinarius_delibutus,1,GenBank
Cortinarius_exsularis,1,GenBank
Cortinarius_flabellus,1,GenBank
Cortinarius_flavifolius,1,GenBank
Cortinarius_fuscescens,1,GenBank
Cortinarius_fuscoalbus,1,GenBank
Cortinarius_fuscodiscus,1,GenBank
Cortinarius_heterodepressus,1,GenBank
Cortinarius_hydrotelamonioides,1,GenBank
Cortinarius_idahoensis,1,GenBank
Cortinarius_jubarinus,1,GenBank
Cortinarius_laetus,1,GenBank
Cortinarius_largus,1,GenBank
Cortinarius_leiocastaneus,1,GenBank
Cortinarius_magispilomeus,1,GenBank
Cortinarius_malodorus,1,GenBank
Cortinarius_miwok,1,GenBank
Cortinarius_modestus,1,GenBank
Cortinarius_mucicola,1,GenBank
Cortinarius_mucosus,1,GenBank
Cortinarius_murinascens,1,GenBank
Cortinarius_nauseosouraceus,1,GenBank
Cortinarius_niveotraganus,1,GenBank
Cortinarius_odoritraganus,1,GenBank
Cortinarius_olivaceolamellatus,1,GenBank
Cortinarius_olivaceosquamosus,1,GenBank
Cortinarius_pacificus,1,GenBank
Cortinarius_paludosaniosus,1,GenBank
Cortinarius_paulus,1,GenBank
Cortinarius_perviolaceus,1,GenBank
Cortinarius_phrygianus,1,GenBank
Cortinarius_piceidisjungendus,1,GenBank
Cortinarius_pluvius,1,GenBank
Cortinarius_putorius,1,GenBank
Cortinarius_sagarum,1,GenBank
Cortinarius_smithii,1,GenBank
Cortinarius_sphagnoravus,1,GenBank
Cortinarius_squamulosus,1,GenBank
Cortinarius_subcarabus,1,GenBank
Cortinarius_subexitiosus,1,GenBank
Cortinarius_subobtusus,1,GenBank
Cortinarius_suboenochelis,1,GenBank
Cortinarius_subrufulus,1,GenBank
Cortinarius_timiskamingensis,1,GenBank
Cortinarius_urbicus,1,GenBank
Cortinarius_variipes,1,GenBank
Cortinarius_ventricosus,1,GenBank
Craterellus_fallax,1,GenBank
Craterellus_lutescens,1,GenBank
Elaphomyces_muricatus,1,GenBank
Gautieria_otthii,1,GenBank
Gomphidius_glutinosus,1,GenBank
Hebeloma_hiemale,1,GenBank
Hebeloma_mesophaeum,1,GenBank
Hebeloma_theobrominum,1,GenBank
Helvellosebacina_helvelloides,1,GenBank
Humaria_hemisphaerica,1,GenBank
Hydnellum_caeruleum,1,GenBank
Hydnellum_geogenium,1,GenBank
Hydnellum_illudens,1,GenBank
Hydnellum_peckii,1,GenBank
Hydnellum_versipelle,1,GenBank
Hydnotrya_cubispora,1,GenBank
Hydnum_olympicum,1,GenBank
Hydnum_oregonense,1,GenBank
Hygrophorus_camarophyllus,1,GenBank
Hygrophorus_fuligineus,1,GenBank
Hygrophorus_hedrychii,1,GenBank
Hygrophorus_occidentalis,1,GenBank
Hygrophorus_piceae,1,GenBank
Hygrophorus_pusillus,1,GenBank
Hygrophorus_sordidus,1,GenBank
Hygrophorus_tennesseensis,1,GenBank
Hygrophorus_whitei,1,GenBank
Hysterangium_crassirhachis,1,GenBank
Inocybe_acriolens,1,GenBank
Inocybe_aphroditeana,1,GenBank
Inocybe_aurea,1,GenBank
Inocybe_auricomella,1,GenBank
Inocybe_bellidiana,1,GenBank
Inocybe_borealis,1,GenBank
Inocybe_bufonia,1,GenBank
Inocybe_catalaunica,1,GenBank
Inocybe_chondroderma,1,GenBank
Inocybe_dulcamaroides,1,GenBank
Inocybe_dulciolens,1,GenBank
Inocybe_elysii,1,GenBank
Inocybe_ericetorum,1,GenBank
Inocybe_exilis,1,GenBank
Inocybe_griseolilacina,1,GenBank
Inocybe_griseovelata,1,GenBank
Inocybe_hirtella,1,GenBank
Inocybe_impexa,1,GenBank
Inocybe_leptophylla,1,GenBank
Inocybe_minima,1,GenBank
Inocybe_mixtilis,1,GenBank
Inocybe_multicoronata,1,GenBank
Inocybe_nematoloma,1,GenBank
Inocybe_nitidiuscula,1,GenBank
Inocybe_pipilikae,1,GenBank
Inocybe_posterula,1,GenBank
Inocybe_praetervisa,1,GenBank
Inocybe_pseudodestricta,1,GenBank
Inocybe_pseudoteraturgus,1,GenBank
Inocybe_putilla,1,GenBank
Inocybe_rimosa,1,GenBank
Inocybe_scolopacis,1,GenBank
Inocybe_stellatospora,1,GenBank
Inocybe_subcarpta,1,GenBank
Inocybe_subnudipes,1,GenBank
Inocybe_teraturgus,1,GenBank
Inocybe_tubarioides,1,GenBank
Inocybe_ventricosa,1,GenBank
Laccaria_longipes,1,GenBank
Lactarius_controversus,1,GenBank
Lactarius_lanceolatus,1,GenBank
Lactarius_lilacinus,1,GenBank
Lactarius_miniatosporus,1,GenBank
Lactarius_necator,1,GenBank
Lactarius_omphaliiformis,1,GenBank
Lactarius_picinus,1,GenBank
Lactarius_pubescens,1,GenBank
Lactarius_sphagneti,1,GenBank
Lactifluus_vellereus,1,GenBank
Lactifluus_volemus,1,GenBank
Leccinum_manzanitae,1,GenBank
Leucangium_carthusianum,1,GenBank
Naucoria_tantilla,1,GenBank
Neoalbatrellus_subcaeruleoporus,1,GenBank
Otidea_cantharella,1,GenBank
Phaeocollybia_ammiratii,1,GenBank
Polyozellus_humicola,1,GenBank
Polyozellus_mucidulus,1,GenBank
Ramaria_aurea,1,GenBank
Ramaria_coulterae,1,GenBank
Ramaria_formosa,1,GenBank
Ramaria_longispora,1,GenBank
Ramaria_marrii,1,GenBank
Ramaria_pallida,1,GenBank
Rhizopogon_evadens,1,GenBank
Rhizopogon_pseudoroseolus,1,GenBank
Rubroboletus_pulcherrimus,1,GenBank
Russula_alachuana,1,GenBank
Russula_arvernensis,1,GenBank
Russula_atroaeruginea,1,GenBank
Russula_borealis,1,GenBank
Russula_corallina,1,GenBank
Russula_crenulata,1,GenBank
Russula_flavida,1,GenBank
Russula_flavisiccans,1,GenBank
Russula_helodes,1,GenBank
Russula_nigrescentipes,1,GenBank
Russula_nigrifacta,1,GenBank
Russula_olivobrunnea,1,GenBank
Russula_paludosa,1,GenBank
Russula_parapallens,1,GenBank
Russula_polycystis,1,GenBank
Russula_redolens,1,GenBank
Russula_saliceticola,1,GenBank
Russula_subemetica,1,GenBank
Russula_suecica,1,GenBank
Russula_viscida,1,GenBank
Sarcodon_imbricatus,1,GenBank
Scleroderma_areolatum,1,GenBank
Scleroderma_bovista,1,GenBank
Scleroderma_michiganense,1,GenBank
Suillus_cothurnatus,1,GenBank
Tarzetta_gregaria,1,GenBank
Thaxterogaster_oregonensis,1,GenBank
Thaxterogaster_pinophilus,1,GenBank
Thaxterogaster_subporphyropus,1,GenBank
Thelephora_alnii,1,GenBank
Thelephora_atra,1,GenBank
Tomentella_coerulea,1,GenBank
Tomentellopsis_echinospora,1,GenBank
Tomentellopsis_submollis,1,GenBank
Tricholoma_apium,1,GenBank
Tricholoma_atroviolaceum,1,GenBank
Tricholoma_boreosulphurescens,1,GenBank
Tricholoma_brunneoluteum,1,GenBank
Tricholoma_intermedium,1,GenBank
Tricholoma_scalpturatum,1,GenBank
Tricholoma_sejunctum,1,GenBank
Tricholoma_triste,1,GenBank
Tuber_wenchuanense,1,GenBank
Tylopilus_appalachiensis,1,GenBank
Xerocomellus_rainisiae,1,GenBank
Xerocomus_ferrugineus,1,GenBank
Tylospora_asterophora,283,Combined
Piloderma_sphaerosporum,281,Combined
Amanita_fulva,210,Combined
Clavulina_coralloides,180,Combined
Amanita_muscaria,169,Combined
Tricholoma_portentosum,169,Combined
Russula_decolorans,167,Combined
Piloderma_olivaceum,163,Combined
Russula_adusta,154,Combined
Cortinarius_alpinus,152,Combined
Russula_emetica,150,Combined
Hygrophorus_albicastaneus,131,Combined
Hygrophorus_hypothejus,127,Combined
Polyozellus_umbrinus,122,Combined
Tomentella_stuposa,122,Combined
Amanita_flavoconia,120,Combined
Lactarius_mammosus,119,Combined
Lactarius_tabidus,114,Combined
Tomentella_coerulea,114,Combined
Cortinarius_casimiri,108,Combined
Cortinarius_illuminoides,107,Combined
Lactarius_camphoratus,107,Combined
Lactarius_vietus,107,Combined
Cortinarius_acutovelatus,105,Combined
Inocybe_caprimulgi,105,Combined
Tricholoma_saponaceum,104,Combined
Cortinarius_raphanoides,103,Combined
Cortinarius_comptulus,102,Combined
Elaphomyces_borealis,97,Combined
Tricholoma_fulvum,96,Combined
Tomentella_terrestris,95,Combined
Cortinarius_armillatus,91,Combined
Tricholoma_columbetta,91,Combined
Tomentella_badia,90,Combined
Tricholoma_vaccinum,90,Combined
Cortinarius_emunctus,88,Combined
Elaphomyces_muricatus,87,Combined
Lactarius_vinaceorufescens,87,Combined
Cortinarius_dolabratus,85,Combined
Amanita_porphyria,83,Combined
Laccaria_populina,83,Combined
Cortinarius_croceus,82,Combined
Paxillus_involutus,82,Combined
Russula_aeruginea,81,Combined
Cortinarius_malicorius,77,Combined
Tomentellopsis_echinospora,77,Combined
Cortinarius_malachius,75,Combined
Inocybe_elysii,74,Combined
Cortinarius_aurantiobasis,73,Combined
Cortinarius_clintonianus,73,Combined
Cortinarius_cinnamomeus,72,Combined
Genea_hispidula,72,Combined
Leccinum_rotundifoliae,70,Combined
Tylopilus_felleus,70,Combined
Cortinarius_athabascus,69,Combined
Cortinarius_infractus,69,Combined
Hebeloma_incarnatulum,69,Combined
Inocybe_occulta,69,Combined
Tricholoma_virgatum,69,Combined
Cortinarius_modestus,67,Combined
Cortinarius_junghuhnii,66,Combined
Cortinarius_privignipallens,63,Combined
Hebeloma_monticola,62,Combined
Inocybe_geophylla,62,Combined
Lyophyllum_shimeji,62,Combined
Russula_pascua,62,Combined
Cortinarius_camphoratus,61,Combined
Cortinarius_humboldtensis,61,Combined
Elaphomyces_papillatus,61,Combined
Cortinarius_kauffmanianus,60,Combined
Thaxterogaster_scaurus,60,Combined
Cortinarius_aureovelatus,59,Combined
Cortinarius_agathosmus,58,Combined
Cortinarius_armeniacus,58,Combined
Hydnotrya_tulasnei,58,Combined
Hygrophorus_pustulatoides,58,Combined
Russula_aeruginosa,58,Combined
Suillus_glandulosipes,58,Combined
Cortinarius_harvardensis,56,Combined
Leccinum_manzanitae,56,Combined
Inocybe_avia,55,Combined
Lactarius_rufus,55,Combined
Russula_versicolor,55,Combined
Tricholoma_fulvimarginatum,55,Combined
Cortinarius_glandicolor,54,Combined
Cortinarius_illibatus,54,Combined
Laccaria_griseolilacina,54,Combined
Amanita_augusta,53,Combined
Clavulina_cinerea,53,Combined
Cortinarius_lucorum,53,Combined
Cortinarius_saniosus,53,Combined
Inocybe_lacera,53,Combined
Inocybe_mortenii,53,Combined
Lactarius_lignyotus,53,Combined
Russula_hypofragilis,53,Combined
Cortinarius_millaresensis,52,Combined
Hebeloma_asperulatum,52,Combined
Hydnellum_aurantiacum,52,Combined
Cortinarius_centrirufus,51,Combined
Cortinarius_idahoensis,51,Combined
Inocybe_rufoalba,51,Combined
Rhizopogon_evadens,50,Combined
Russula_peckii,50,Combined
Tomentella_bryophila,50,Combined
Cortinarius_caperatus,49,Combined
Cortinarius_decipiens,49,Combined
Cortinarius_fulvescens,49,Combined
Cortinarius_hydrotelamonioides,49,Combined
Inocybe_ericetorum,49,Combined
Lactarius_helvus,49,Combined
Lactarius_necator,49,Combined
Amanita_olivaceogrisea,48,Combined
Elaphomyces_miyabeanus,48,Combined
Piloderma_lanatum,47,Combined
Hydnellum_scabrosum,46,Combined
Inocybe_soluta,46,Combined
Alnicola_sphagneti,45,Combined
Alpova_cinnamomeus,45,Combined
Cortinarius_fuscodiscus,45,Combined
Tomentellopsis_submollis,45,Combined
Amanita_brunnescens,44,Combined
Cortinarius_grosmorneensis,44,Combined
Inocybe_acriolens,44,Combined
Russula_aquosa,44,Combined
Tricholoma_albobrunneum,43,Combined
Leccinum_insigne,42,Combined
Rhizopogon_pseudoroseolus,42,Combined
Wilcoxina_mikolae,42,Combined
Cortinarius_flabellus,41,Combined
Hygrophorus_agathosmoides,41,Combined
Hygrophorus_speciosus,41,Combined
Tomentella_botryoides,41,Combined
Inocybe_napipes,40,Combined
Lactarius_trivialis,40,Combined
Tomentella_cinerascens,40,Combined
Amanita_rubescens,39,Combined
Inocybe_striipes,39,Combined
Tuber_anniae,39,Combined
Cortinarius_cistopulchripes,38,Combined
Thelephora_alnii,38,Combined
Hygrophorus_pustulatus,37,Combined
Inocybe_undulatospora,37,Combined
Ramaria_flava,37,Combined
Tomentella_ellisii,37,Combined
Inocybe_minima,36,Combined
Hebeloma_mesophaeum,35,Combined
Inocybe_pseudodestricta,35,Combined
Cortinarius_traganus,34,Combined
Lactarius_hengduanensis,34,Combined
Russula_griseascens,34,Combined
Suillus_cavipes,34,Combined
Thaxterogaster_comarostaphylidis,34,Combined
Tricholoma_imbricatoides,34,Combined
Cortinarius_roseomyceliosus,33,Combined
Elaphomyces_leveillei,33,Combined
Gautieria_otthii,33,Combined
Russula_farinipes,33,Combined
Russula_vinosa,33,Combined
Cortinarius_pholideus,32,Combined
Inocybe_giacomi,32,Combined
Scleroderma_septentrionale,32,Combined
Thelephora_caryophyllea,32,Combined
Cortinarius_acutispissipes,31,Combined
Cortinarius_aurae,31,Combined
Hygrophorus_aurorae,31,Combined
Leccinum_holopus,31,Combined
Russula_vesca,31,Combined
Laccaria_araneosa,30,Combined
Thaxterogaster_multiformis,30,Combined
Cortinarius_neofurvolaesus,29,Combined
Cortinarius_parvannulatus,29,Combined
Cortinarius_valgus,29,Combined
Humaria_hemisphaerica,29,Combined
Polyozellus_humicola,29,Combined
Russula_variata,29,Combined
Sebacina_incrustans,29,Combined
Suillus_variegatus,29,Combined
Thaxterogaster_talus,29,Combined
Tricholoma_focale,29,Combined
Amanita_rhacopus,28,Combined
Cortinarius_caesiobrunneus,28,Combined
Inocybe_pseudoasterospora,28,Combined
Inocybe_subcarpta,28,Combined
Phellodon_melaleucus,28,Combined
Piloderma_bicolor,28,Combined
Piloderma_byssinum,28,Combined
Cortinarius_orasericeus,27,Combined
Cortinarius_parvoacetosus,27,Combined
Inocybe_ochroalba,27,Combined
Cortinarius_ultimiionophyllus,26,Combined
Hebeloma_perexiguum,26,Combined
Hygrophorus_whitei,26,Combined
Inocybe_flocculosa,26,Combined
Inocybe_sambucina,26,Combined
Lactarius_flexuosus,26,Combined
Suillus_spraguei,26,Combined
Tricholoma_pessundatum,26,Combined
Cortinarius_heterodepressus,25,Combined
Cortinarius_imbutus,25,Combined
Cortinarius_paulus,25,Combined
Hydnum_umbilicatum,25,Combined
Suillus_acidus,25,Combined
Tricholoma_ammophilum,25,Combined
Alpova_diplophloeus,24,Combined
Cortinarius_gentilis,24,Combined
Phellodon_tomentosus,24,Combined
Suillus_viscidus,24,Combined
Tomentella_muricata,24,Combined
Tricholoma_argyraceum,24,Combined
Cortinarius_andreae,23,Combined
Cortinarius_atroalbus,23,Combined
Hydnum_repandum,23,Combined
Russula_atroglauca,23,Combined
Tricholoma_stans,23,Combined
Cortinarius_colymbadinus,22,Combined
Cortinarius_subobtusus,22,Combined
Craterellus_tubaeformis,22,Combined
Hymenogaster_rubyensis,22,Combined
Lactarius_pseudoscrobiculatus,22,Combined
Russula_aurantioflammans,22,Combined
Amanita_detersa,21,Combined
Cortinarius_balteatus,21,Combined
Cortinarius_ferrugineovelatus,21,Combined
Cortinarius_hadrocroceus,21,Combined
Geopora_cooperi,21,Combined
Inocybe_leptophylla,21,Combined
Russula_vinososordida,21,Combined
Suillus_luteus,21,Combined
Cortinarius_nigrocuspidatus,20,Combined
Cortinarius_tillamookensis,20,Combined
Inocybe_nodulosa,20,Combined
Leotia_lubrica,20,Combined
Naucoria_alnetorum,20,Combined
Otidea_leporina,20,Combined
Tricholoma_triste,20,Combined
Wilcoxina_rehmii,20,Combined
Amanita_griseopantherina,19,Combined
Cortinarius_bivelosimilis,19,Combined
Cortinarius_boulderensis,19,Combined
Cortinarius_minusculus,19,Combined
Cortinarius_olididisjungendus,19,Combined
Cortinarius_pinisquamulosus,19,Combined
Cortinarius_roseivelatus,19,Combined
Cortinarius_sphagnoravus,19,Combined
Hebeloma_hiemale,19,Combined
Hymenogaster_rehsteineri,19,Combined
Inocybe_argenteolutea,19,Combined
Inocybe_lanuginosa,19,Combined
Laccaria_longipes,19,Combined
Lactarius_badiosanguineus,19,Combined
Lactarius_omphaliiformis,19,Combined
Polyozellus_plurilobus,19,Combined
Rhizopogon_salebrosus,19,Combined
Russula_postiana,19,Combined
Cortinarius_brunneifolius,18,Combined
Cortinarius_francescae,18,Combined
Cortinarius_subminiatopus,18,Combined
Hydnellum_gracilipes,18,Combined
Polyozellus_sciastrus,18,Combined
Suillus_sinuspaulianus,18,Combined
Trichophaea_abundans,18,Combined
Byssoporia_terrestris,17,Combined
Chroogomphus_jamaicensis,17,Combined
Cortinarius_ammiratii,17,Combined
Cortinarius_angelesianus,17,Combined
Cortinarius_fuscescens,17,Combined
Cortinarius_lindstroemii,17,Combined
Cortinarius_obtusus,17,Combined
Cortinarius_pelargoniostriatulus,17,Combined
Hygrophorus_siccipes,17,Combined
Hymenogaster_parksii,17,Combined
Inocybe_fuscescentipes,17,Combined
Inocybe_sororia,17,Combined
Inocybe_venerabilis,17,Combined
Rhizopogon_succosus,17,Combined
Russula_rugulosa,17,Combined
Scleroderma_citrinum,17,Combined
Boletus_edulis,16,Combined
Cortinarius_clandestinus,16,Combined
Cortinarius_ferrei,16,Combined
Cortinarius_glaucopus,16,Combined
Cortinarius_laniger,16,Combined
Cortinarius_occidentalisagacitas,16,Combined
Cortinarius_ochrophyllus,16,Combined
Cortinarius_saturninus,16,Combined
Cortinarius_stillatitius,16,Combined
Cortinarius_subcarneinatus,16,Combined
Cortinarius_subpaleaceus,16,Combined
Cortinarius_umbrinolens,16,Combined
Hydnellum_ferrugineum,16,Combined
Hygrophorus_secretanii,16,Combined
Inocybe_fuscidula,16,Combined
Russula_compacta,16,Combined
Russula_mordax,16,Combined
Tomentella_griseomarginata,16,Combined
Albatrellus_ovinus,15,Combined
Clavulina_rugosa,15,Combined
Cortinarius_lobatus,15,Combined
Cortinarius_purpureus,15,Combined
Elaphomyces_pusillus,15,Combined
Hysterangium_crassirhachis,15,Combined
Inocybe_intricata,15,Combined
Leucophleps_spinispora,15,Combined
Russula_favrei,15,Combined
Russula_katarinae,15,Combined
Russula_lateritia,15,Combined
Russula_silvestris,15,Combined
Suillus_placidus,15,Combined
Thaxterogaster_causticus,15,Combined
Tricholoma_mcneilii,15,Combined
Tricholoma_subluteum,15,Combined
Amanita_solaniolens,14,Combined
Amphinema_byssoides,14,Combined
Cortinarius_balaustinus,14,Combined
Cortinarius_glabrellus,14,Combined
Cortinarius_sutherlandensis,14,Combined
Cortinarius_uraceus,14,Combined
Hygrophorus_capreolarius,14,Combined
Hygrophorus_odoratus,14,Combined
Inocybe_dulcamara,14,Combined
Inocybe_mixtilis,14,Combined
Inocybe_spuria,14,Combined
Lactarius_pseudodeceptivus,14,Combined
Naucoria_scolecina,14,Combined
Tretomyces_lutescens,14,Combined
Amanita_lavendula,13,Combined
Cortinarius_acutus,13,Combined
Cortinarius_caninus,13,Combined
Cortinarius_fulvopaludosus,13,Combined
Cortinarius_kranabetteri,13,Combined
Cortinarius_laetus,13,Combined
Cortinarius_obtusorum,13,Combined
Cortinarius_paragaudis,13,Combined
Harrya_chromipes,13,Combined
Hydnum_melitosarx,13,Combined
Leccinum_versipelle,13,Combined
Polyozellus_tristis,13,Combined
Ramaria_gracilis,13,Combined
Russula_flocculosa,13,Combined
Russula_granulata,13,Combined
Suillus_flavidus,13,Combined
Suillus_lakei,13,Combined
Suillus_pseudobrevipes,13,Combined
Thelephora_atra,13,Combined
Tomentella_farinosa,13,Combined
Tricholoma_inamoenum,13,Combined
Cortinarius_anomalus,12,Combined
Cortinarius_brunneotinctus,12,Combined
Cortinarius_catalanensis,12,Combined
Cortinarius_cystidiobicolor,12,Combined
Cortinarius_leiocastaneus,12,Combined
Inocybe_curvipes,12,Combined
Inocybe_melleiconica,12,Combined
Inocybe_sindonia,12,Combined
Rhizopogon_parksii,12,Combined
Rhizopogon_vesiculosus,12,Combined
Rhizopogon_vinicolor,12,Combined
Russula_pseudotsugarum,12,Combined
Russula_taigarum,12,Combined
Thelephora_terrestris,12,Combined
Tricholoma_badicephalum,12,Combined
Tricholoma_felschii,12,Combined
Amanita_groenlandica,11,Combined
Amanita_vaginata,11,Combined
Cortinarius_albogaudis,11,Combined
Cortinarius_bolaris,11,Combined
Cortinarius_rusticus,11,Combined
Cortinarius_spilomeus,11,Combined
Cortinarius_suberi,11,Combined
Cortinarius_tabularis,11,Combined
Elaphomyces_anthracinus,11,Combined
Gautieria_monticola,11,Combined
Inocybe_bufonia,11,Combined
Inocybe_catalaunica,11,Combined
Inocybe_grammata,11,Combined
Inocybe_griseoscabrosa,11,Combined
Lactarius_aquizonatus,11,Combined
Rhizopogon_rudus,11,Combined
Russula_brevipes,11,Combined
Russula_brunneoviolacea,11,Combined
Russula_fellea,11,Combined
Russula_nigricans,11,Combined
Russula_straminella,11,Combined
Tricholoma_aestuans,11,Combined
Tricholoma_davisiae,11,Combined
Tricholoma_fumosoluteum,11,Combined
Xerocomus_fennicus,11,Combined
Cortinarius_duristipes,10,Combined
Cortinarius_evernius,10,Combined
Cortinarius_murinascens,10,Combined
Cortinarius_pluvius,10,Combined
Cortinarius_privignatus,10,Combined
Cortinarius_transatlanticus,10,Combined
Fuscoboletinus_spectabilis,10,Combined
Hebeloma_louiseae,10,Combined
Helvella_vespertina,10,Combined
Helvellosebacina_helvelloides,10,Combined
Hydnellum_concrescens,10,Combined
Hygrophorus_canadensis,10,Combined
Inocybe_agglutinata,10,Combined
Inocybe_albodiscoides,10,Combined
Inocybe_cincinnata,10,Combined
Inocybe_nigridisca,10,Combined
Lactarius_sphagneti,10,Combined
Leccinum_variicolor,10,Combined
Lyophyllum_semitale,10,Combined
Phellodon_secretus,10,Combined
Russula_byssina,10,Combined
Russula_paludosa,10,Combined
Strobilomyces_strobilaceus,10,Combined
Tomentella_globospora,10,Combined
Tomentella_pallidocastanea,10,Combined
Tomentella_sublilacina,10,Combined
Amanita_friabilis,9,Combined
Catathelasma_ventricosum,9,Combined
Chroogomphus_vinicolor,9,Combined
Coltricia_perennis,9,Combined
Cortinarius_ahsii,9,Combined
Cortinarius_anomalomontanus,9,Combined
Cortinarius_cadi-aguirrei,9,Combined
Cortinarius_mucosus,9,Combined
Cortinarius_sanguineus,9,Combined
Cortinarius_subrufulus,9,Combined
Cortinarius_xanthocephalus,9,Combined
Hydnellum_caeruleum,9,Combined
Inocybe_auricomella,9,Combined
Inocybe_monticola,9,Combined
Jimgerdemannia_lactiflua,9,Combined
Lactarius_pseudomucidus,9,Combined
Polyozellus_griseopergamaceus,9,Combined
Polyozellus_multiplex,9,Combined
Rhizopogon_arctostaphyli,9,Combined
Russula_cerolens,9,Combined
Russula_crassotunicata,9,Combined
Russula_depallens,9,Combined
Russula_grata,9,Combined
Russula_modesta,9,Combined
Russula_salishensis,9,Combined
Russula_xantho,9,Combined
Thaxterogaster_pinophilus,9,Combined
Tricholoma_atrodiscus,9,Combined
Xerocomellus_zelleri,9,Combined
Alnicola_spectabilis,8,Combined
Boletopsis_grisea,8,Combined
Cortinarius_albidoavellaneus,8,Combined
Cortinarius_alborufescens,8,Combined
Cortinarius_bivelus,8,Combined
Cortinarius_cicindela,8,Combined
Cortinarius_danili,8,Combined
Cortinarius_infractiflavus,8,Combined
Cortinarius_rubellus,8,Combined
Hydnum_jussii,8,Combined
Hygrophorus_purpurascens,8,Combined
Hygrophorus_pusillus,8,Combined
Inocybe_borealis,8,Combined
Inocybe_canescens,8,Combined
Inocybe_ceskae,8,Combined
Inocybe_filiana,8,Combined
Inocybe_fuscicothurnata,8,Combined
Inocybe_nitidiuscula,8,Combined
Inocybe_tjallingiorum,8,Combined
Otidea_cantharella,8,Combined
Polyozellus_medius,8,Combined
Rhizopogon_olivaceotinctus,8,Combined
Russula_citrinochlora,8,Combined
Russula_consobrina,8,Combined
Russula_murrillii,8,Combined
Russula_pallescens,8,Combined
Russula_phoenicea,8,Combined
Suillus_cothurnatus,8,Combined
Thaxterogaster_porphyropus,8,Combined
Tomentella_viridibasidia,8,Combined
Tricholoma_roseoacerbum,8,Combined
Trichophaea_minuta,8,Combined
Amanita_spreta,7,Combined
Amanita_wellsii,7,Combined
Chamonixia_caespitosa,7,Combined
Cortinarius_annae-maritae,7,Combined
Cortinarius_badiolatus,7,Combined
Cortinarius_chrysolitus,7,Combined
Cortinarius_claricolor,7,Combined
Cortinarius_cruentiphyllus,7,Combined
Cortinarius_fragrantissimus,7,Combined
Cortinarius_largus,7,Combined
Cortinarius_nauseosouraceus,7,Combined
Cortinarius_paralbocyaneus,7,Combined
Cortinarius_quarciticus,7,Combined
Cortinarius_sagarum,7,Combined
Cortinarius_sordidemaculatus,7,Combined
Cortinarius_subexitiosus,7,Combined
Cortinarius_tenuifulvescens,7,Combined
Cortinarius_vulpicolor,7,Combined
Gomphidius_borealis,7,Combined
Gomphidius_glutinosus,7,Combined
Hebeloma_pungens,7,Combined
Hydnellum_illudens,7,Combined
Hygrophorus_piceae,7,Combined
Hymenogaster_submacrosporus,7,Combined
Inocybe_fuligineoatra,7,Combined
Inocybe_griseolilacina,7,Combined
Lactarius_pubescens,7,Combined
Lactarius_repraesentaneus,7,Combined
Lactarius_substriatus,7,Combined
Rhizopogon_abietis,7,Combined
Rhizopogon_hawkerae,7,Combined
Rhizopogon_smithii,7,Combined
Russula_aurora,7,Combined
Russula_cascadensis,7,Combined
Russula_cavipes,7,Combined
Russula_crustosa,7,Combined
Russula_fucosa,7,Combined
Russula_graminea,7,Combined
Russula_praeumbonata,7,Combined
Russula_rubescens,7,Combined
Russula_sapinea,7,Combined
Tomentella_lapida,7,Combined
Tomentella_lateritia,7,Combined
Tricholoma_arvernense,7,Combined
Tricholoma_aurantium,7,Combined
Tricholoma_dulciolens,7,Combined
Tricholoma_odorum,7,Combined
Truncocolumella_citrina,7,Combined
Amanita_frostiana,6,Combined
Byssocorticium_pulchrum,6,Combined
Cantharellus_camphoratus,6,Combined
Cortinarius_badiovinaceus,6,Combined
Cortinarius_bridgei,6,Combined
Cortinarius_caesioarmeniacus,6,Combined
Cortinarius_confirmatus,6,Combined
Cortinarius_diffamatus,6,Combined
Cortinarius_firmus,6,Combined
Cortinarius_fulvescentoideus,6,Combined
Destuntzia_solstitialis,6,Combined
Gautieria_morchelliformis,6,Combined
Geopora_tenuis,6,Combined
Hebeloma_echinosporum,6,Combined
Hygrophorus_exiguus,6,Combined
Hygrophorus_fuscoalboides,6,Combined
Inocybe_chondroderma,6,Combined
Inocybe_hystrix,6,Combined
Inocybe_lampetiana,6,Combined
Inocybe_splendens,6,Combined
Inocybe_teraturgus,6,Combined
Inocybe_umbratica,6,Combined
Inocybe_vaccina,6,Combined
Lactarius_thyinos,6,Combined
Lactarius_xanthogalactus,6,Combined
Phaeocollybia_christinae,6,Combined
Rhizopogon_ellipsosporus,6,Combined
Russula_ashihoi,6,Combined
Russula_sphagnicola,6,Combined
Tricholoma_cingulatum,6,Combined
Tricholoma_viridilutescens,6,Combined
Tuber_borchii,6,Combined
Albatrellus_confluens,5,Combined
Amanita_novinupta,5,Combined
Aureoboletus_mirabilis,5,Combined
Boletus_pinophilus,5,Combined
Cortinarius_aavae,5,Combined
Cortinarius_brunneus,5,Combined
Cortinarius_carabus,5,Combined
Cortinarius_clarobrunneus,5,Combined
Cortinarius_claroplaniusculus,5,Combined
Cortinarius_flammeouraceus,5,Combined
Cortinarius_fuscovelatus,5,Combined
Cortinarius_hirtipes,5,Combined
Cortinarius_illitus,5,Combined
Cortinarius_latiodistributus,5,Combined
Cortinarius_obliquus,5,Combined
Cortinarius_perrotensis,5,Combined
Cortinarius_pseudorubricosus,5,Combined
Cortinarius_quercophilus,5,Combined
Cortinarius_saginus,5,Combined
Cortinarius_violaceus,5,Combined
Craterellus_cornucopioides,5,Combined
Elaphomyces_decipiens,5,Combined
Genea_darii,5,Combined
Hebeloma_pinetorum,5,Combined
Helvella_pseudolacunosa,5,Combined
Hydnellum_peckii,5,Combined
Hygrophorus_flavodiscus,5,Combined
Inocybe_aurea,5,Combined
Inocybe_chalcodoxantha,5,Combined
Inocybe_malenconii,5,Combined
Inocybe_phaeocystidiosa,5,Combined
Inocybe_subnudipes,5,Combined
Inocybe_trochili,5,Combined
Leccinum_schistophilum,5,Combined
Myrmecocystis_microspora,5,Combined
Naucoria_tantilla,5,Combined
Otidea_formicarum,5,Combined
Phellodon_fuligineoalbus,5,Combined
Phellodon_violascens,5,Combined
Polyozellus_badjelanndanus,5,Combined
Polyozellus_mucidulus,5,Combined
Ramaria_stricta,5,Combined
Russula_acrifolia,5,Combined
Russula_arvernensis,5,Combined
Russula_fulvescens,5,Combined
Russula_ornaticeps,5,Combined
Russula_rhodopus,5,Combined
Russula_subrubescens,5,Combined
Russula_viridella,5,Combined
Scleroderma_bovista,5,Combined
Thaxterogaster_microspermus,5,Combined
Thelephora_palmata,5,Combined
Tomentella_asperula,5,Combined
Tomentella_lilacinogrisea,5,Combined
Tomentella_subclavigera,5,Combined
Tricholoma_caligatum,5,Combined
Tricholoma_olivaceum,5,Combined
Tricholoma_stiparophyllum,5,Combined
Amanita_aprica,4,Combined
Amanita_crenulata,4,Combined
Amanita_fulvoides,4,Combined
Amanita_pseudopantherina,4,Combined
Amanita_spadicea,4,Combined
Boletus_fibrillosus,4,Combined
Cortinarius_alaskaensis,4,Combined
Cortinarius_alboviolaceus,4,Combined
Cortinarius_ammophiloides,4,Combined
Cortinarius_anisatus,4,Combined
Cortinarius_biformis,4,Combined
Cortinarius_bovarius,4,Combined
Cortinarius_callochrous,4,Combined
Cortinarius_fibrillosibrunneus,4,Combined
Cortinarius_fructuodorus,4,Combined
Cortinarius_hemitrichus,4,Combined
Cortinarius_jubarinus,4,Combined
Cortinarius_montebelloensis,4,Combined
Cortinarius_nymphatus,4,Combined
Cortinarius_olivaceoluteus,4,Combined
Cortinarius_phrygianus,4,Combined
Cortinarius_pilatii,4,Combined
Cortinarius_psammocola,4,Combined
Cortinarius_pseudoduracinus,4,Combined
Cortinarius_pseudoglaucopus,4,Combined
Cortinarius_smithii,4,Combined
Cortinarius_urbicus,4,Combined
Helvella_macropus,4,Combined
Hydnum_quebecense,4,Combined
Hygrophorus_fragrans,4,Combined
Hygrophorus_morrisii,4,Combined
Hygrophorus_persicolor,4,Combined
Inocybe_inodora,4,Combined
Inocybe_obscurobadia,4,Combined
Inocybe_obtusiuscula,4,Combined
Inocybe_oetziana,4,Combined
Inocybe_tahquamenonensis,4,Combined
Inocybe_whitei,4,Combined
Inocybe_zethi,4,Combined
Leucangium_carthusianum,4,Combined
Mallocybe_leucoloma,4,Combined
Naucoria_luteolofibrillosa,4,Combined
Otidea_brunneoparva,4,Combined
Otidea_pseudoleporina,4,Combined
Ramaria_suecica,4,Combined
Rhizopogon_albidus,4,Combined
Rhizopogon_brunneiniger,4,Combined
Rhizopogon_truncatus,4,Combined
Russula_crassipes,4,Combined
Russula_garyensis,4,Combined
Russula_nigrifacta,4,Combined
Russula_obscurozelleri,4,Combined
Russula_ochroleucoides,4,Combined
Russula_parapallens,4,Combined
Russula_pseudolepida,4,Combined
Russula_pulchra,4,Combined
Suillus_americanus,4,Combined
Suillus_discolor,4,Combined
Tomentella_fuscocinerea,4,Combined
Tomentella_galzinii,4,Combined
Tomentella_pilosa,4,Combined
Tricholoma_grave,4,Combined
Tricholoma_intermedium,4,Combined
Tricholoma_pullum,4,Combined
Tricholoma_serratifolium,4,Combined
Tricholoma_sulphureum,4,Combined
Amanita_gemmata,3,Combined
Amanita_jacksonii,3,Combined
Amanita_murrilliana,3,Combined
Amanita_nivalis,3,Combined
Amanita_phalloides,3,Combined
Amanita_ristichii,3,Combined
Amanita_virosa,3,Combined
Boletopsis_leucomelaena,3,Combined
Cantharellus_cibarius,3,Combined
Chroogomphus_ochraceus,3,Combined
Cortinarius_alces,3,Combined
Cortinarius_americanus,3,Combined
Cortinarius_areni-silvae,3,Combined
Cortinarius_atrosquamosus,3,Combined
Cortinarius_biriensis,3,Combined
Cortinarius_brunneoaffinis,3,Combined
Cortinarius_brunneocalcarius,3,Combined
Cortinarius_ceraceus,3,Combined
Cortinarius_colorius,3,Combined
Cortinarius_crassisporus,3,Combined
Cortinarius_croceosimilis,3,Combined
Cortinarius_cyanites,3,Combined
Cortinarius_davemallochii,3,Combined
Cortinarius_delibutus,3,Combined
Cortinarius_exsularis,3,Combined
Cortinarius_jonimitchelliae,3,Combined
Cortinarius_mattiae,3,Combined
Cortinarius_miwok,3,Combined
Cortinarius_paululus,3,Combined
Cortinarius_perviolaceus,3,Combined
Cortinarius_piceidisjungendus,3,Combined
Cortinarius_pitkinensis,3,Combined
Cortinarius_pseudofusisporus,3,Combined
Cortinarius_pseudonaevosus,3,Combined
Cortinarius_roseoarmillatus,3,Combined
Cortinarius_torvus,3,Combined
Cortinarius_truckeensis,3,Combined
Cortinarius_umbilicatus,3,Combined
Cortinarius_vernus,3,Combined
Gilkeya_compacta,3,Combined
Hebeloma_brunneifolium,3,Combined
Helvella_compressa,3,Combined
Helvella_lactea,3,Combined
Hydnum_albertense,3,Combined
Hydnum_atlanticum,3,Combined
Hygrophorus_agathosmus,3,Combined
Hygrophorus_discoideus,3,Combined
Inocybe_ambigua,3,Combined
Inocybe_digitula,3,Combined
Inocybe_exilis,3,Combined
Inocybe_griseovelata,3,Combined
Inocybe_kauffmanii,3,Combined
Inocybe_leonina,3,Combined
Inocybe_leucoblema,3,Combined
Inocybe_nematoloma,3,Combined
Inocybe_nobilis,3,Combined
Inocybe_paludinella,3,Combined
Inocybe_posterula,3,Combined
Inocybe_praetervisa,3,Combined
Inocybe_proximella,3,Combined
Inocybe_pseudoteraturgus,3,Combined
Inocybe_pusio,3,Combined
Inocybe_subporospora,3,Combined
Inocybe_ukkoi,3,Combined
Inocybe_volvata,3,Combined
Lactarius_alpinus,3,Combined
Lactarius_brunneohepaticus,3,Combined
Lactarius_lanceolatus,3,Combined
Lactarius_luculentus,3,Combined
Lactarius_miniatosporus,3,Combined
Lyophyllum_konradianum,3,Combined
Otidea_nannfeldtii,3,Combined
Otidea_oregonensis,3,Combined
Phellodon_niger,3,Combined
Polyozellus_mariae,3,Combined
Ramaria_marrii,3,Combined
Rhizopogon_occidentalis,3,Combined
Russula_atroaeruginea,3,Combined
Russula_cristulispora,3,Combined
Russula_earlei,3,Combined
Russula_fastigiata,3,Combined
Russula_foetentula,3,Combined
Russula_gracillima,3,Combined
Russula_imitatrix,3,Combined
Russula_olivobrunnea,3,Combined
Russula_puellaris,3,Combined
Russula_pusilla,3,Combined
Russula_saliceticola,3,Combined
Russula_suecica,3,Combined
Scleroderma_areolatum,3,Combined
Suillus_caerulescens,3,Combined
Thaxterogaster_turmalis,3,Combined
Tomentella_flavidobadia,3,Combined
Tricholoma_boreosulphurescens,3,Combined
Tricholoma_mesoamericanum,3,Combined
Xerocomus_ferrugineus,3,Combined
Alnicola_cholea,2,Combined
Amanita_betulae,2,Combined
Amanita_multisquamosa,2,Combined
Amanita_peckiana,2,Combined
Amanita_smithiana,2,Combined
Amanita_variicolor,2,Combined
Amanita_vernicoccora,2,Combined
Boletus_campestris,2,Combined
Boletus_subalpinus,2,Combined
Clavulina_perplexa,2,Combined
Cortinarius_albovariegatus,2,Combined
Cortinarius_algonquinensis,2,Combined
Cortinarius_allutus,2,Combined
Cortinarius_alutarius,2,Combined
Cortinarius_anomalodelicatus,2,Combined
Cortinarius_atkinsonianus,2,Combined
Cortinarius_aureifolius,2,Combined
Cortinarius_boreasensis,2,Combined
Cortinarius_coleoptera,2,Combined
Cortinarius_corrugatus,2,Combined
Cortinarius_dolabratoides,2,Combined
Cortinarius_fuscoalbus,2,Combined
Cortinarius_glaucocephalus,2,Combined
Cortinarius_heterocyclus,2,Combined
Cortinarius_intempestivus,2,Combined
Cortinarius_magispilomeus,2,Combined
Cortinarius_melleopallens,2,Combined
Cortinarius_muscicola,2,Combined
Cortinarius_nigrellus,2,Combined
Cortinarius_niveoglobosus,2,Combined
Cortinarius_niveotraganus,2,Combined
Cortinarius_olivaceosquamosus,2,Combined
Cortinarius_perlaetissimus,2,Combined
Cortinarius_politus,2,Combined
Cortinarius_pseudofervidus,2,Combined
Cortinarius_sagacitas,2,Combined
Cortinarius_subfloccopus,2,Combined
Cortinarius_subtabularis,2,Combined
Cortinarius_timiskamingensis,2,Combined
Cortinarius_trivialis,2,Combined
Cortinarius_vagabundus,2,Combined
Craterellus_fallax,2,Combined
Elaphomyces_roseoviolaceus,2,Combined
Gautieria_globispora,2,Combined
Genea_balsleyi,2,Combined
Geopora_cervina,2,Combined
Geopora_nicaeensis,2,Combined
Geopora_sepulta,2,Combined
Gomphidius_maculatus,2,Combined
Gomphidius_oregonensis,2,Combined
Gomphidius_smithii,2,Combined
Hebeloma_angustisporium,2,Combined
Helvella_corium,2,Combined
Helvella_elastica,2,Combined
Hydnellum_bomiense,2,Combined
Hydnellum_earlianum,2,Combined
Hydnotrya_cubispora,2,Combined
Hydnum_melleopallidum,2,Combined
Hygrophorus_fuligineus,2,Combined
Hygrophorus_hedrychii,2,Combined
Hygrophorus_inocybiformis,2,Combined
Hygrophorus_lucorum,2,Combined
Inocybe_dulciolens,2,Combined
Inocybe_erythospilota,2,Combined
Inocybe_hirtella,2,Combined
Inocybe_leptocystis,2,Combined
Inocybe_luteifolia,2,Combined
Inocybe_monochroa,2,Combined
Inocybe_multicoronata,2,Combined
Inocybe_pipilikae,2,Combined
Inocybe_purpureobadia,2,Combined
Inocybe_rimosa,2,Combined
Inocybe_rivularis,2,Combined
Inocybe_semifulva,2,Combined
Inocybe_stellatospora,2,Combined
Inocybe_subbrunnea,2,Combined
Inocybe_suecica,2,Combined
Inocybe_velicopia,2,Combined
Inocybe_vulpinella,2,Combined
Laccaria_ochropurpurea,2,Combined
Lactarius_pyrogalus,2,Combined
Lactifluus_deceptivus,2,Combined
Leccinum_snellii,2,Combined
Leucogaster_rubescens,2,Combined
Mallocybe_piceae,2,Combined
Mallocybe_substraminipes,2,Combined
Myrmecocystis_cerebriformis,2,Combined
Otidea_onotica,2,Combined
Pachyphlodes_citrina,2,Combined
Paxillus_cuprinus,2,Combined
Phellodon_atratus,2,Combined
Polyozellus_rhizopunctatus,2,Combined
Ramaria_calvodistalis,2,Combined
Ramaria_longispora,2,Combined
Ramaria_rubella,2,Combined
Ramaria_sandaracina,2,Combined
Rhizopogon_ellenae,2,Combined
Russula_americana,2,Combined
Russula_atramentosa,2,Combined
Russula_borealis,2,Combined
Russula_cremeirosea,2,Combined
Russula_foetens,2,Combined
Russula_polycystis,2,Combined
Russula_punicea,2,Combined
Russula_subsulphurea,2,Combined
Russula_subtilis,2,Combined
Russula_velenovskyi,2,Combined
Sarcodon_imbricatus,2,Combined
Sebacina_candida,2,Combined
Sebacina_cystidiata,2,Combined
Suillus_decipiens,2,Combined
Tarzetta_gregaria,2,Combined
Thaxterogaster_alboamarescens,2,Combined
Thaxterogaster_subporphyropus,2,Combined
Thelephora_penicillata,2,Combined
Thelephora_scissilis,2,Combined
Tomentella_atroarenicolor,2,Combined
Tomentella_atrobadia,2,Combined
Tricholoma_acre,2,Combined
Tricholoma_apium,2,Combined
Tricholoma_borgsjoeense,2,Combined
Tricholoma_frondosae,2,Combined
Tricholoma_hemisulphureum,2,Combined
Tricholoma_psammopus,2,Combined
Tricholoma_smithii,2,Combined
Tricholoma_terreum,2,Combined
Tuber_brennemanii,2,Combined
Tuber_separans,2,Combined
Tuber_walkeri,2,Combined
Albatrellus_subrubescens,1,Combined
Alnicola_macrospora,1,Combined
Amanita_bisporigera,1,Combined
Amanita_constricta,1,Combined
Amanita_elongata,1,Combined
Amanita_morrisii,1,Combined
Amanita_silvicola,1,Combined
Amanita_submaculata,1,Combined
Astraeus_morganii,1,Combined
Astraeus_smithii,1,Combined
Balsamia_nigrans,1,Combined
Boletopsis_macrocarpa,1,Combined
Boletopsis_watlingii,1,Combined
Boletus_paluster,1,Combined
Butyriboletus_primiregius,1,Combined
Butyriboletus_querciregius,1,Combined
Caloboletus_rubripes,1,Combined
Cantharellus_betularum,1,Combined
Cantharellus_cascadensis,1,Combined
Catathelasma_evanescens,1,Combined
Clavulina_iris_var._occidentalis,1,Combined
Coltricia_cinnamomea,1,Combined
Cortinarius_alboadustus,1,Combined
Cortinarius_alboglobosus,1,Combined
Cortinarius_albomalus,1,Combined
Cortinarius_anomalosimilis,1,Combined
Cortinarius_anthracinus,1,Combined
Cortinarius_balteatoalbus,1,Combined
Cortinarius_barbaricus,1,Combined
Cortinarius_bibulus,1,Combined
Cortinarius_birkebakii,1,Combined
Cortinarius_borealis,1,Combined
Cortinarius_boreotrichus,1,Combined
Cortinarius_brevissimus,1,Combined
Cortinarius_brunneoperonatus,1,Combined
Cortinarius_brunneoviscidus,1,Combined
Cortinarius_caesiifolius,1,Combined
Cortinarius_californicus,1,Combined
Cortinarius_calopus,1,Combined
Cortinarius_campester,1,Combined
Cortinarius_castaneopallidus,1,Combined
Cortinarius_collangustus,1,Combined
Cortinarius_compressus,1,Combined
Cortinarius_cyprinus,1,Combined
Cortinarius_deceptivissimus,1,Combined
Cortinarius_ectypus,1,Combined
Cortinarius_epipurrus,1,Combined
Cortinarius_fennoscandicus,1,Combined
Cortinarius_flavifolius,1,Combined
Cortinarius_flavobasilis,1,Combined
Cortinarius_floccopus,1,Combined
Cortinarius_fuscobovinus,1,Combined
Cortinarius_fuscotomentosus,1,Combined
Cortinarius_gausapatus,1,Combined
Cortinarius_geraniolens,1,Combined
Cortinarius_glutinosus,1,Combined
Cortinarius_gueneri,1,Combined
Cortinarius_heterosporus,1,Combined
Cortinarius_iunii,1,Combined
Cortinarius_mallaensis,1,Combined
Cortinarius_malodorus,1,Combined
Cortinarius_mucicola,1,Combined
Cortinarius_multicolor,1,Combined
Cortinarius_odoritraganus,1,Combined
Cortinarius_olivaceolamellatus,1,Combined
Cortinarius_pacificus,1,Combined
Cortinarius_paludosaniosus,1,Combined
Cortinarius_panellus,1,Combined
Cortinarius_patrickensis,1,Combined
Cortinarius_pseudobovinus,1,Combined
Cortinarius_putorius,1,Combined
Cortinarius_roseobrunneus,1,Combined
Cortinarius_rossicioenochelis,1,Combined
Cortinarius_russulaespermus,1,Combined
Cortinarius_septentrionalis,1,Combined
Cortinarius_serratissimus,1,Combined
Cortinarius_squamulosus,1,Combined
Cortinarius_subcarabus,1,Combined
Cortinarius_subcoronatus,1,Combined
Cortinarius_suboenochelis,1,Combined
Cortinarius_subpuellaris,1,Combined
Cortinarius_subscotoides,1,Combined
Cortinarius_subserratissimus,1,Combined
Cortinarius_subtortus,1,Combined
Cortinarius_tetonensis,1,Combined
Cortinarius_trappei,1,Combined
Cortinarius_umbrinobellus,1,Combined
Cortinarius_variipes,1,Combined
Cortinarius_ventricosus,1,Combined
Cortinarius_viridiflavus,1,Combined
Cortinarius_vitreopileatus,1,Combined
Craterellus_caeruleofuscus,1,Combined
Craterellus_lutescens,1,Combined
Elaphomyces_citrinopapillatus,1,Combined
Gautieria_magnicellaris,1,Combined
Gyroporus_cyanescens,1,Combined
Gyroporus_subalbellus,1,Combined
Hebeloma_ammophilum,1,Combined
Hebeloma_cistophilum,1,Combined
Hebeloma_islandicum,1,Combined
Hebeloma_rostratum,1,Combined
Hebeloma_sinapizans,1,Combined
Hebeloma_syrjense,1,Combined
Hebeloma_theobrominum,1,Combined
Helvella_bicolor,1,Combined
Helvella_costifera,1,Combined
Helvella_fibrosa,1,Combined
Helvella_sinohyperborea,1,Combined
Helvellosebacina_concrescens,1,Combined
Hydnellum_geogenium,1,Combined
Hydnellum_glaucopus,1,Combined
Hydnellum_versipelle,1,Combined
Hydnotrya_cerebriformis,1,Combined
Hydnum_olympicum,1,Combined
Hydnum_oregonense,1,Combined
Hygrophorus_camarophyllus,1,Combined
Hygrophorus_chrysodon,1,Combined
Hygrophorus_discoxanthus,1,Combined
Hygrophorus_neoerubescens,1,Combined
Hygrophorus_occidentalis,1,Combined
Hygrophorus_sordidus,1,Combined
Hygrophorus_tennesseensis,1,Combined
Hymenogaster_arenarius,1,Combined
Hymenogaster_huthii,1,Combined
Inocybe_acuta,1,Combined
Inocybe_acutoides,1,Combined
Inocybe_adorabilis,1,Combined
Inocybe_aphroditeana,1,Combined
Inocybe_arenicola,1,Combined
Inocybe_armeniaca,1,Combined
Inocybe_assimilata,1,Combined
Inocybe_bellidiana,1,Combined
Inocybe_bulbosissima,1,Combined
Inocybe_calospora,1,Combined
Inocybe_carolinensis,1,Combined
Inocybe_caroticolor,1,Combined
Inocybe_cicatricata,1,Combined
Inocybe_comis,1,Combined
Inocybe_demetris,1,Combined
Inocybe_dulcamaroides,1,Combined
Inocybe_fulvella,1,Combined
Inocybe_geraniodora,1,Combined
Inocybe_glabrescens,1,Combined
Inocybe_impexa,1,Combined
Inocybe_lapponica,1,Combined
Inocybe_melanopus,1,Combined
Inocybe_putilla,1,Combined
Inocybe_saliceticola,1,Combined
Inocybe_scolopacis,1,Combined
Inocybe_sublilacina,1,Combined
Inocybe_subpaleacea,1,Combined
Inocybe_tetragonospora,1,Combined
Inocybe_tubarioides,1,Combined
Inocybe_ventricosa,1,Combined
Laccaria_trichodermophora,1,Combined
Lactarius_controversus,1,Combined
Lactarius_cordovaensis,1,Combined
Lactarius_decipiens,1,Combined
Lactarius_echinellus,1,Combined
Lactarius_evosmus,1,Combined
Lactarius_imperceptus,1,Combined
Lactarius_lilacinus,1,Combined
Lactarius_nanus,1,Combined
Lactarius_picinus,1,Combined
Lactarius_resimus,1,Combined
Lactarius_spinosulus,1,Combined
Lactarius_uvidus,1,Combined
Lactifluus_subvellereus,1,Combined
Lactifluus_vellereus,1,Combined
Lactifluus_volemus,1,Combined
Lyophyllum_deliberatum,1,Combined
Lyophyllum_maleolens,1,Combined
Neoalbatrellus_subcaeruleoporus,1,Combined
Octaviania_zelleri,1,Combined
Otidea_alutacea,1,Combined
Otidea_cupulata,1,Combined
Otidea_gongnaisiensis,1,Combined
Otidea_mirabilis,1,Combined
Otidea_papillata,1,Combined
Pachyphlodes_carnea,1,Combined
Pachyphlodes_nemoralis,1,Combined
Parascutellinia_carneosanguinea,1,Combined
Phaeocollybia_ammiratii,1,Combined
Picoa_juniperi,1,Combined
Pisolithus_arhizus,1,Combined
Polyozellus_alnophilus,1,Combined
Ramaria_apiculata,1,Combined
Ramaria_aurea,1,Combined
Ramaria_comitis,1,Combined
Ramaria_coulterae,1,Combined
Ramaria_formosa,1,Combined
Ramaria_pallida,1,Combined
Ramaria_rubricarnata,1,Combined
Retiboletus_griseus,1,Combined
Rhizopogon_ochraceorubens,1,Combined
Rhizopogon_subpurpurascens,1,Combined
Rubroboletus_pulcherrimus,1,Combined
Russula_alachuana,1,Combined
Russula_albonigra,1,Combined
Russula_alnetorum,1,Combined
Russula_brunneola,1,Combined
Russula_corallina,1,Combined
Russula_cremoricolor,1,Combined
Russula_crenulata,1,Combined
Russula_decipiens,1,Combined
Russula_flavida,1,Combined
Russula_flavisiccans,1,Combined
Russula_helodes,1,Combined
Russula_laeta,1,Combined
Russula_nauseosa,1,Combined
Russula_nigrescentipes,1,Combined
Russula_odorata,1,Combined
Russula_redolens,1,Combined
Russula_rhodocephala,1,Combined
Russula_sinoadusta,1,Combined
Russula_subemetica,1,Combined
Russula_tengii,1,Combined
Russula_vinosobrunneola,1,Combined
Russula_viscida,1,Combined
Scleroderma_michiganense,1,Combined
Sebacina_dimitica,1,Combined
Sphaerosporella_brunnea,1,Combined
Suillus_bovinus,1,Combined
Suillus_granulatus,1,Combined
Suillus_grevillei,1,Combined
Suillus_pungens,1,Combined
Thaxterogaster_caesiophylloides,1,Combined
Thaxterogaster_frondosomultiformis,1,Combined
Thaxterogaster_oregonensis,1,Combined
Thaxterogaster_pallidirimosus,1,Combined
Thelephora_anthocephala,1,Combined
Tomentella_clavigera,1,Combined
Tomentella_efibulata,1,Combined
Tomentella_longisterigmata,1,Combined
Tomentella_olivacea,1,Combined
Tomentella_pertenuis,1,Combined
Tomentellopsis_zygodesmoides,1,Combined
Tricholoma_atroviolaceum,1,Combined
Tricholoma_brunneoluteum,1,Combined
Tricholoma_bryogenum,1,Combined
Tricholoma_luteomaculosum,1,Combined
Tricholoma_populinum,1,Combined
Tricholoma_scalpturatum,1,Combined
Tricholoma_sejunctum,1,Combined
Trichophaea_woolhopeia,1,Combined
Tuber_arnoldianum,1,Combined
Tuber_excelsireticulatum,1,Combined
Tuber_floridanum,1,Combined
Tuber_mexiusanum,1,Combined
Tuber_wenchuanense,1,Combined
Tylopilus_appalachiensis,1,Combined
Tylospora_fibrillosa,1,Combined
Xerocomellus_rainisiae,1,Combined
