lat,lon,source
62.54,-116.456,GlobalFungi
66.9,-135.233,GlobalFungi
61.528,-117.224,GlobalFungi
43.132,-79.388,GlobalFungi
43.13,-79.39,GlobalFungi
48.261,-78.539,GlobalFungi
47.382,-73.193,GlobalFungi
46.42,-83.37,GlobalFungi
46.537,-72.444,GlobalFungi
47.976,-78.975,GlobalFungi
46.965,-72.33,GlobalFungi
47.894,-78.984,GlobalFungi
48.289,-77.993,GlobalFungi
47.455,-72.939,GlobalFungi
47.698,-79.255,GlobalFungi
47.892,-78.875,GlobalFungi
47.57,-82.85,GlobalFungi
47.982,-78.964,GlobalFungi
47.63,-73.021,GlobalFungi
47.894,-78.971,GlobalFungi
47.406,-72.855,GlobalFungi
46.544,-72.329,GlobalFungi
47.47,-73.215,GlobalFungi
51.29,-117.351,GlobalFungi
46.75,-82.25,GlobalFungi
51.328,-117.589,GlobalFungi
47.446,-61.753,GlobalFungi
46.494,-72.97,GlobalFungi
47.45,-61.752,GlobalFungi
48.393,-79.19,GlobalFungi
47.456,-61.746,GlobalFungi
54.333,-123.267,GlobalFungi
45.39,-63.43,GlobalFungi
47.386,-73.416,GlobalFungi
46.552,-72.8,GlobalFungi
51.078,-118.105,GlobalFungi
47.447,-72.948,GlobalFungi
47.238,-73.259,GlobalFungi
47.894,-78.883,GlobalFungi
47.421,-78.956,GlobalFungi
47.988,-78.949,GlobalFungi
47.788,-72.972,GlobalFungi
46.523,-73.19,GlobalFungi
48.865,-78.919,GlobalFungi
48.311,-78.939,GlobalFungi
46.325,-72.767,GlobalFungi
46.604,-72.7,GlobalFungi
46.438,-72.807,GlobalFungi
47.574,-79.332,GlobalFungi
42.83,-80.44,GlobalFungi
62.487,-116.65,GlobalFungi
48.95,-57.93,GlobalFungi
48.948,-57.934,GlobalFungi
60.53,-134.35,GlobalFungi
48.403,-79.318,GlobalFungi
59.664,-112.197,GlobalFungi
48.27,-78.967,GlobalFungi
46.759,-72.536,GlobalFungi
47.827,-79.287,GlobalFungi
49.07,-89.39,GlobalFungi
48.385,-79.169,GlobalFungi
47.83,-79.263,GlobalFungi
47.569,-79.25,GlobalFungi
46.314,-73.041,GlobalFungi
48.234,-78.583,GlobalFungi
48.359,-78.983,GlobalFungi
48.523,-79.433,GlobalFungi
49.08,-89.38,GlobalFungi
48.575,-78.995,GlobalFungi
48.361,-79.126,GlobalFungi
47.668,-72.311,GlobalFungi
48.385,-79.171,GlobalFungi
48.045,-78.941,GlobalFungi
48.38,-79.154,GlobalFungi
47.805,-79.41,GlobalFungi
47.487,-73.198,GlobalFungi
47.566,-78.588,GlobalFungi
48.357,-79.116,GlobalFungi
48.779,-78.401,GlobalFungi
47.815,-79.394,GlobalFungi
47.545,-72.967,GlobalFungi
48.083,-78.49,GlobalFungi
47.894,-78.978,GlobalFungi
47.894,-78.977,GlobalFungi
48.532,-79.036,GlobalFungi
47.93,-78.326,GlobalFungi
47.429,-78.969,GlobalFungi
54.369,-122.608,GlobalFungi
54.35,-122.61,GlobalFungi
47.552,-72.968,GlobalFungi
47.893,-78.855,GlobalFungi
47.901,-78.978,GlobalFungi
47.628,-72.347,GlobalFungi
46.505,-72.971,GlobalFungi
46.534,-73.125,GlobalFungi
47.236,-73.347,GlobalFungi
47.555,-73.02,GlobalFungi
48.382,-79.16,GlobalFungi
47.9,-78.979,GlobalFungi
56.1,-110.9,GlobalFungi
46.314,-73.109,GlobalFungi
48.478,-79.026,GlobalFungi
46.88,-72.279,GlobalFungi
47.717,-72.517,GlobalFungi
47.632,-72.347,GlobalFungi
48.23,-78.44,GlobalFungi
48.224,-78.483,GlobalFungi
48.128,-79.037,GlobalFungi
47.41,-72.832,GlobalFungi
46.402,-73.027,GlobalFungi
47.563,-79.178,GlobalFungi
46.493,-72.857,GlobalFungi
47.537,-72.734,GlobalFungi
48.397,-79.264,GlobalFungi
47.734,-79.384,GlobalFungi
47.602,-79.45,GlobalFungi
46.655,-72.486,GlobalFungi
47.445,-61.754,GlobalFungi
47.413,-72.825,GlobalFungi
48.99,-57.787,GlobalFungi
49.07,-89.41,GlobalFungi
47.41,-72.835,GlobalFungi
48.156,-79.166,GlobalFungi
47.383,-73.19,GlobalFungi
47.53,-72.906,GlobalFungi
47.898,-78.836,GlobalFungi
47.605,-79.244,GlobalFungi
48.354,-78.63,GlobalFungi
47.975,-78.974,GlobalFungi
47.447,-61.761,GlobalFungi
48.24,-78.573,GlobalFungi
47.698,-79.264,GlobalFungi
46.91,-72.287,GlobalFungi
47.463,-72.939,GlobalFungi
48.29,-78.566,GlobalFungi
48.227,-78.657,GlobalFungi
48.522,-79.464,GlobalFungi
47.446,-61.754,GlobalFungi
47.926,-78.986,GlobalFungi
47.408,-72.909,GlobalFungi
46.574,-72.693,GlobalFungi
47.542,-73.048,GlobalFungi
47.577,-73.055,GlobalFungi
48.332,-78.591,GlobalFungi
48.128,-79.035,GlobalFungi
47.565,-73.088,GlobalFungi
62.351,-116.49,GlobalFungi
50.85,-120.42,GlobalFungi
63.96,-138.68,GlobalFungi
52.32,-121.92,GlobalFungi
61.779,-117.174,GlobalFungi
54.611,-126.309,GlobalFungi
61.84,-116.71,GlobalFungi
62.485,-116.583,GlobalFungi
62.508,-116.485,GlobalFungi
60.336,-114.156,GlobalFungi
52.315,-121.916,GlobalFungi
62.484,-116.638,GlobalFungi
59.75,-112.238,GlobalFungi
62.535,-113.141,GlobalFungi
47.46,-61.743,GlobalFungi
50.851,-120.424,GlobalFungi
47.454,-61.747,GlobalFungi
47.433,-61.755,GlobalFungi
52.32,-126.31,GlobalFungi
46.584,-72.748,GlobalFungi
46.366,-73.015,GlobalFungi
46.493,-72.701,GlobalFungi
46.699,-72.63,GlobalFungi
78.86,-75.9,GlobalFungi
48.392,-79.206,GlobalFungi
48.647,-78.631,GlobalFungi
47.43,-61.756,GlobalFungi
48.003,-78.301,GlobalFungi
47.47,-61.732,GlobalFungi
47.529,-79.184,GlobalFungi
48.361,-78.842,GlobalFungi
47.483,-73.208,GlobalFungi
47.431,-61.755,GlobalFungi
47.545,-72.963,GlobalFungi
45.47,-63.39,GlobalFungi
47.926,-78.325,GlobalFungi
48.299,-78.57,GlobalFungi
47.803,-79.41,GlobalFungi
47.994,-78.305,GlobalFungi
46.622,-72.641,GlobalFungi
46.709,-72.634,GlobalFungi
47.443,-61.751,GlobalFungi
47.231,-73.181,GlobalFungi
47.56,-72.983,GlobalFungi
47.982,-79.155,GlobalFungi
46.65,-72.696,GlobalFungi
47.508,-72.816,GlobalFungi
47.541,-72.96,GlobalFungi
47.234,-73.356,GlobalFungi
47.443,-61.754,GlobalFungi
48.883,-78.397,GlobalFungi
46.389,-72.584,GlobalFungi
48.989,-57.787,GlobalFungi
48.329,-78.585,GlobalFungi
50.93,-120.28,GlobalFungi
50.939,-120.298,GlobalFungi
62.484,-116.493,GlobalFungi
50.88,-120.35,GlobalFungi
62.403,-116.503,GlobalFungi
48.808,-78.49,GlobalFungi
48.174,-78.958,GlobalFungi
48.273,-78.446,GlobalFungi
48.218,-78.742,GlobalFungi
48.139,-78.432,GlobalFungi
48.779,-78.547,GlobalFungi
46.445,-72.823,GlobalFungi
48.254,-78.548,GlobalFungi
59.726,-112.182,GlobalFungi
60.87,-135.34,GlobalFungi
47.57,-79.249,GlobalFungi
47.911,-78.978,GlobalFungi
48.94,-78.413,GlobalFungi
46.479,-72.669,GlobalFungi
47.509,-72.808,GlobalFungi
46.542,-72.329,GlobalFungi
47.99,-78.947,GlobalFungi
47.814,-79.4,GlobalFungi
47.891,-78.861,GlobalFungi
46.395,-73.089,GlobalFungi
45.57,-63.53,GlobalFungi
46.884,-72.295,GlobalFungi
48.36,-78.641,GlobalFungi
62.491,-116.48,GlobalFungi
47.413,-72.822,GlobalFungi
50.894,-120.353,GlobalFungi
62.49,-116.548,GlobalFungi
60.86,-135.34,GlobalFungi
46.439,-72.812,GlobalFungi
48.99,-57.79,GlobalFungi
48.177,-79.269,GlobalFungi
48.127,-79.266,GlobalFungi
52.413,-73.072,GlobalFungi
48.193,-78.916,GlobalFungi
48.557,-79.038,GlobalFungi
47.48,-61.721,GlobalFungi
46.493,-72.69,GlobalFungi
48.039,-78.543,GlobalFungi
47.573,-73.169,GlobalFungi
47.457,-61.761,GlobalFungi
46.44,-72.816,GlobalFungi
47.459,-61.751,GlobalFungi
59.718,-111.553,GlobalFungi
51.138,-118.115,GlobalFungi
47.409,-72.861,GlobalFungi
47.461,-61.762,GlobalFungi
47.5,-72.664,GlobalFungi
47.435,-61.754,GlobalFungi
60.295,-114.104,GlobalFungi
48.375,-79.143,GlobalFungi
47.473,-61.734,GlobalFungi
46.46,-73.199,GlobalFungi
46.89,-72.294,GlobalFungi
47.464,-61.763,GlobalFungi
48.779,-78.569,GlobalFungi
47.964,-78.304,GlobalFungi
47.432,-61.756,GlobalFungi
59.845,-112.422,GlobalFungi
47.485,-61.711,GlobalFungi
47.542,-72.957,GlobalFungi
48.882,-78.398,GlobalFungi
46.513,-72.707,GlobalFungi
62.51,-116.477,GlobalFungi
47.449,-61.752,GlobalFungi
47.223,-73.165,GlobalFungi
47.961,-78.987,GlobalFungi
47.478,-61.742,GlobalFungi
61.213,-138.278,GlobalFungi
61.21,-138.28,GlobalFungi
48.589,-78.674,GlobalFungi
47.434,-61.755,GlobalFungi
47.461,-61.744,GlobalFungi
47.477,-61.73,GlobalFungi
47.435,-61.755,GlobalFungi
47.47,-61.742,GlobalFungi
61.776,-117.172,GlobalFungi
46.337,-72.795,GlobalFungi
48.348,-79.246,GlobalFungi
61.778,-117.17,GlobalFungi
62.538,-116.446,GlobalFungi
61.738,-116.839,GlobalFungi
60.343,-114.165,GlobalFungi
46.487,-72.701,GlobalFungi
48.306,-78.94,GlobalFungi
46.513,-72.681,GlobalFungi
62.557,-116.423,GlobalFungi
47.559,-79.248,GlobalFungi
62.563,-116.388,GlobalFungi
47.462,-61.744,GlobalFungi
46.501,-72.963,GlobalFungi
48.864,-78.901,GlobalFungi
46.328,-72.654,GlobalFungi
47.477,-73.209,GlobalFungi
46.497,-72.73,GlobalFungi
48.267,-78.971,GlobalFungi
48.312,-78.937,GlobalFungi
46.644,-72.66,GlobalFungi
47.544,-79.185,GlobalFungi
46.501,-72.727,GlobalFungi
46.489,-72.857,GlobalFungi
46.326,-72.687,GlobalFungi
46.353,-73.031,GlobalFungi
46.731,-72.622,GlobalFungi
46.876,-72.268,GlobalFungi
46.501,-72.966,GlobalFungi
47.951,-78.981,GlobalFungi
46.509,-72.669,GlobalFungi
46.91,-72.293,GlobalFungi
46.733,-72.624,GlobalFungi
48.345,-78.615,GlobalFungi
46.569,-72.929,GlobalFungi
48.783,-78.376,GlobalFungi
47.814,-79.404,GlobalFungi
48.306,-78.939,GlobalFungi
47.648,-72.598,GlobalFungi
47.817,-79.378,GlobalFungi
46.601,-72.704,GlobalFungi
46.329,-72.79,GlobalFungi
47.894,-78.95,GlobalFungi
46.882,-72.287,GlobalFungi
46.292,-72.639,GlobalFungi
46.295,-72.638,GlobalFungi
46.709,-72.659,GlobalFungi
61.734,-116.835,GlobalFungi
47.457,-61.746,GlobalFungi
47.476,-61.741,GlobalFungi
47.483,-61.717,GlobalFungi
47.246,-73.291,GlobalFungi
61.76,-116.815,GlobalFungi
46.497,-72.955,GlobalFungi
46.32,-73.116,GlobalFungi
62.556,-116.394,GlobalFungi
59.846,-112.417,GlobalFungi
62.541,-113.135,GlobalFungi
60.306,-114.102,GlobalFungi
47.453,-61.747,GlobalFungi
46.339,-72.687,GlobalFungi
59.742,-112.224,GlobalFungi
46.423,-72.921,GlobalFungi
60.377,-114.227,GlobalFungi
47.467,-61.761,GlobalFungi
47.468,-61.738,GlobalFungi
47.44,-61.754,GlobalFungi
46.446,-72.827,GlobalFungi
48.632,-78.786,GlobalFungi
45.684,-66.486,GlobalFungi
61.773,-117.176,GlobalFungi
48.865,-78.896,GlobalFungi
46.231,-72.958,GlobalFungi
47.943,-78.573,GlobalFungi
46.467,-72.579,GlobalFungi
60.27,-113.973,GlobalFungi
46.303,-72.734,GlobalFungi
47.474,-61.733,GlobalFungi
47.454,-61.754,GlobalFungi
61.837,-116.706,GlobalFungi
46.49,-72.697,GlobalFungi
48.502,-79.067,GlobalFungi
46.585,-72.687,GlobalFungi
48.525,-79.039,GlobalFungi
48.58,-79.006,GlobalFungi
46.281,-72.974,GlobalFungi
60.137,-112.662,GlobalFungi
47.457,-61.745,GlobalFungi
58.908,-111.423,GlobalFungi
58.494,-111.513,GlobalFungi
62.538,-113.141,GlobalFungi
47.433,-61.756,GlobalFungi
47.383,-73.411,GlobalFungi
47.505,-72.822,GlobalFungi
47.525,-79.198,GlobalFungi
47.818,-72.938,GlobalFungi
47.967,-78.302,GlobalFungi
48.302,-79.044,GlobalFungi
48.176,-78.358,GlobalFungi
47.467,-61.736,GlobalFungi
46.324,-72.688,GlobalFungi
47.439,-61.751,GlobalFungi
47.97,-78.301,GlobalFungi
47.478,-61.733,GlobalFungi
61.758,-116.822,GlobalFungi
61.772,-117.176,GlobalFungi
47.946,-78.569,GlobalFungi
60.392,-114.24,GlobalFungi
48.352,-78.627,GlobalFungi
62.534,-113.138,GlobalFungi
60.132,-112.676,GlobalFungi
59.738,-112.228,GlobalFungi
47.452,-61.751,GlobalFungi
47.458,-61.745,GlobalFungi
47.443,-61.755,GlobalFungi
47.482,-61.729,GlobalFungi
47.444,-61.754,GlobalFungi
47.451,-61.751,GlobalFungi
61.678,-117.041,GlobalFungi
62.558,-116.427,GlobalFungi
46.505,-72.975,GlobalFungi
47.487,-61.709,GlobalFungi
50.789,-120.435,GlobalFungi
59.718,-111.552,GlobalFungi
47.469,-61.732,GlobalFungi
59.957,-111.779,GlobalFungi
44.575,-76.33,GlobalFungi
60.136,-112.669,GlobalFungi
47.461,-61.746,GlobalFungi
47.474,-61.758,GlobalFungi
47.478,-61.732,GlobalFungi
46.627,-72.725,GlobalFungi
47.479,-61.738,GlobalFungi
47.462,-61.738,GlobalFungi
47.459,-61.767,GlobalFungi
47.451,-61.746,GlobalFungi
47.458,-61.742,GlobalFungi
47.482,-61.716,GlobalFungi
47.458,-61.741,GlobalFungi
47.481,-61.719,GlobalFungi
47.432,-61.753,GlobalFungi
59.743,-112.244,GlobalFungi
60.266,-113.975,GlobalFungi
62.547,-116.428,GlobalFungi
61.624,-117.135,GlobalFungi
47.475,-61.752,GlobalFungi
59.957,-111.778,GlobalFungi
60.33,-114.159,GlobalFungi
60.349,-114.182,GlobalFungi
47.445,-61.748,GlobalFungi
44.547,-76.366,GlobalFungi
44.551,-76.371,GlobalFungi
44.584,-76.377,GlobalFungi
47.464,-61.768,GlobalFungi
52.413,-73.073,GlobalFungi
47.452,-61.762,GlobalFungi
47.484,-61.724,GlobalFungi
47.466,-61.753,GlobalFungi
47.454,-61.743,GlobalFungi
47.433,-61.753,GlobalFungi
47.437,-61.751,GlobalFungi
52.413,-73.071,GlobalFungi
61.55,-117.179,GlobalFungi
49.112,-68.176,GlobalFungi
44.551,-76.362,GlobalFungi
62.51,-116.488,GlobalFungi
47.46,-61.74,GlobalFungi
47.477,-61.725,GlobalFungi
47.474,-61.737,GlobalFungi
47.474,-61.728,GlobalFungi
47.471,-61.749,GlobalFungi
62.521,-116.47,GlobalFungi
59.779,-112.35,GlobalFungi
47.47,-61.746,GlobalFungi
47.465,-61.735,GlobalFungi
47.473,-61.729,GlobalFungi
48.46,-123.38,GlobalFungi
59.958,-111.779,GlobalFungi
44.552,-76.357,GlobalFungi
47.468,-61.739,GlobalFungi
62.539,-113.14,GlobalFungi
47.462,-61.75,GlobalFungi
52.085,-111.564,GlobalFungi
43.193,-81.317,GlobalFungi
47.448,-61.755,GlobalFungi
47.474,-61.739,GlobalFungi
47.465,-61.747,GlobalFungi
44.568,-76.326,GlobalFungi
49.317,-123.133,GenBank
49.363,-123.1,GenBank
49.351,-123.1,GenBank
49.361,-123.1,GenBank
49.35,-123.1,GenBank
49.35,-123.112,GenBank
49.351,-123.111,GenBank
50.718,-119.115,GenBank
50.658,-119.064,GenBank
49.91,-124.31,GenBank
49,-124.133,GenBank
48.657,-123.753,GenBank
49.281,-124.248,GenBank
49.323,-123.071,GenBank
49.333,-123.117,GenBank
49.351,-123.113,GenBank
49.366,-123.111,GenBank
48.756,-123.825,GenBank
48.436,-123.481,GenBank
49.016,-125.673,GenBank
48.436,-123.482,GenBank
48.46,-123.313,GenBank
49.04,-125.68,GenBank
49.017,-125.582,GenBank
48.452,-123.484,GenBank
49.257,-123.211,GenBank
48.457,-123.479,GenBank
48.438,-123.474,GenBank
45.586,-78.524,GenBank
45.605,-78.519,GenBank
45.604,-78.52,GenBank
45.607,-78.526,GenBank
53.68,-78.14,GenBank
45.605,-78.525,GenBank
45.556,-78.585,GenBank
45.6,-78.531,GenBank
45.609,-78.527,GenBank
45.591,-78.521,GenBank
45.6,-78.518,GenBank
52.83,-123.73,GenBank
55.45,-123.2,GenBank
54.82,-126.8,GenBank
78.78,-103.55,GenBank
76.21,-119.28,GenBank
73.21,-119.55,GenBank
68.45,-66.83,GenBank
73.61,-115.83,GenBank
75.1,-107.66,GenBank
74.55,-82.8,GenBank
76.46,-86.91,GenBank
69.1,-98.93,GenBank
69.76,-122.08,GenBank
70.48,-127.83,GenBank
76.41,-97.66,GenBank
71.71,-123.71,GenBank
62.36,-73.78,GenBank
73.22,-119.56,GenBank
76.23,-119.3,GenBank
52.1,-131.217,GenBank
48.809,-123.629,GenBank
48.522,-123.421,GenBank
49.767,-123.15,GenBank
49.36,-123.11,GenBank
49.355,-123.111,GenBank
49.357,-123.112,GenBank
49.263,-123.254,GenBank
49.261,-123.247,GenBank
49.356,-123.11,GenBank
54.65,-118.98,GenBank
49.718,-125.155,GenBank
49.627,-124.43,GenBank
49.865,-124.244,GenBank
50.316,-125.852,GenBank
50.335,-127.328,GenBank
50.617,-127.518,GenBank
50.14,-125.26,GenBank
48.742,-123.486,GenBank
49.124,-125.549,GenBank
49.493,-121.995,GenBank
49.541,-121.76,GenBank
42.786,-80.198,GenBank
50.07,-125.42,GenBank
49.354,-123.112,GenBank
49.353,-123.112,GenBank
49.35,-123.11,GenBank
49.356,-123.111,GenBank
49.356,-123.113,GenBank
49.354,-123.111,GenBank
46.326,-83.54,GenBank
46.852,-83.658,GenBank
49.635,-119.578,GenBank
49.922,-120.079,GenBank
49.995,-119.076,GenBank
50.018,-119.054,GenBank
49.448,-57.752,GenBank
49.455,-57.754,GenBank
43.384,-80.354,GenBank
42.63,-82.5,GenBank
49.262,-123.255,GenBank
50.13,-122.96,GenBank
49.354,-123.11,GenBank
49.3,-123.1,GenBank
49.355,-123.115,GenBank
49.34,-123.06,GenBank
46.758,-71.328,GenBank
48.48,-123.41,GenBank
49.144,-122.93,GenBank
49.462,-123.432,GenBank
48.38,-123.534,GenBank
48.98,-57.8,GenBank
49.1,-58.42,GenBank
49,-57.6,GenBank
48.99,-57.76,GenBank
49.81,-57.11,GenBank
48.95,-125.56,GenBank
49.257,-123.227,GenBank
49.381,-123.179,GenBank
49.295,-122.201,GenBank
49.256,-123.243,GenBank
49.2,-122.5,GenBank
48.8,-124.2,GenBank
50.1,-122.9,GenBank
42.68,-80.46,GenBank
42.64,-80.57,GenBank
42.64,-82.5,GenBank
49.463,-57.766,GenBank
48.999,-57.751,GenBank
48.551,-71.653,GenBank
49.465,-57.77,GenBank
49.459,-58.124,GenBank
49.562,-62.957,GenBank
49.003,-57.594,GenBank
48.51,-53.961,GenBank
49.267,-123.252,GenBank
50.123,-122.984,GenBank
49.354,-123.109,GenBank
49.258,-123.228,GenBank
49.357,-123.108,GenBank
49.359,-123.114,GenBank
49.45,-122.5,GenBank
49.35,-122.9,GenBank
48.388,-123.867,GenBank
48.62,-124.426,GenBank
53.95,-118.4,GenBank
53.4,-116.45,GenBank
49.233,-122.9,GenBank
54.667,-110.417,GenBank
49.265,-123.253,GenBank
49.5,-122.133,GenBank
48.526,-123.4,GenBank
48.526,-123.422,GenBank
49.275,-122.852,GenBank
49.251,-122.914,GenBank
49.277,-123.092,GenBank
49.233,-121.317,GenBank
49.25,-122.883,GenBank
49.8,-122.867,GenBank
55.35,-126.317,GenBank
49.725,-124.611,GenBank
48.354,-123.705,GenBank
49.317,-122.867,GenBank
55.25,-126.333,GenBank
54.767,-126.833,GenBank
59.924,-127.514,GenBank
59.282,-128.183,GenBank
59.418,-125.909,GenBank
58.926,-124.229,GenBank
49.375,-119.934,GenBank
48.464,-123.461,GenBank
49.417,-122.35,GenBank
49.145,-124.108,GenBank
53,-132,GenBank
51.817,-116.2,GenBank
49.133,-124.183,GenBank
50.313,-124.52,GenBank
53.6,-130.067,GenBank
54.046,-130.108,GenBank
50.132,-122.97,GenBank
59.41,-125.9,GenBank
54.09,-118.21,GenBank
50.31,-124.52,GenBank
53.6,-130.06,GenBank
49.41,-120.7,GenBank
49.433,-122.4,GenBank
49.213,-120.919,GenBank
49.218,-120.932,GenBank
49.23,-120.944,GenBank
49.24,-122.896,GenBank
50.092,-122.997,GenBank
49.257,-123.246,GenBank
49.235,-122.903,GenBank
49.263,-123.255,GenBank
50.063,-122.901,GenBank
50.03,-122.88,GenBank
48.835,-123.798,GenBank
50.09,-122.99,GenBank
49.464,-57.776,GenBank
57.322,-111.507,GenBank
49.355,-123.11,GenBank
48.46,-123.56,GenBank
50.13,-122.97,GenBank
52.13,-122.15,GenBank
48.275,-72.193,GenBank
49.272,-73.725,GenBank
48.301,-69.954,GenBank
46.749,-71.31,GenBank
49.76,-74.357,GenBank
48.52,-123.41,GenBank
49.311,-123.019,GenBank
48.526,-123.409,GenBank
49.27,-121.295,GenBank
49.266,-123.259,GenBank
49.23,-123.1,GenBank
49.233,-123.099,GenBank
49.356,-123.099,GenBank
49.36,-122.582,GenBank
50.076,-122.984,GenBank
49.267,-122.984,GenBank
50.123,-123.248,GenBank
50.123,-123.25,GenBank
49.241,-122.874,GenBank
49.263,-123.253,GenBank
48.83,-124.2,GenBank
49.23,-123.09,GenBank
49.23,-123.18,GenBank
49.183,-78.856,GenBank
47.849,-69.88,GenBank
47.82,-69.98,GenBank
49.17,-57.43,GenBank
53.24,-113.45,GenBank
46.309,-73.76,GenBank
49.758,-74.409,GenBank
48.458,-78.692,GenBank
46.183,-73.7,GenBank
48.09,-77.81,GenBank
45.66,-74.064,GenBank
48.094,-77.778,GenBank
48.2,-69.863,GenBank
49.907,-74.205,GenBank
46.704,-72.068,GenBank
48.557,-78.207,GenBank
48.52,-78.46,GenBank
53.756,-77.602,GenBank
48.44,-70.457,GenBank
46.212,-73.708,GenBank
46.694,-72.108,GenBank
46.27,-73.775,GenBank
46.074,-73.891,GenBank
45.106,-71.673,GenBank
53.542,-77.68,GenBank
45.266,-72.138,GenBank
46.213,-74.473,GenBank
53.8,-77.61,GenBank
45.892,-73.179,GenBank
46.916,-72.471,GenBank
45.61,-73.706,GenBank
53.568,-77.673,GenBank
48.69,-77.973,GenBank
49.773,-74.399,GenBank
46.907,-71.173,GenBank
49.775,-74.384,GenBank
45.375,-73.947,GenBank
45.541,-73.822,GenBank
46.052,-73.749,GenBank
45.932,-74.025,GenBank
45.245,-73.123,GenBank
45.877,-73.21,GenBank
53.753,-77.605,GenBank
53.517,-77.654,GenBank
45.665,-74.292,GenBank
48.157,-69.673,GenBank
53.8,-77.63,GenBank
48.273,-69.94,GenBank
45.95,-74.909,GenBank
45.973,-74.332,GenBank
49.816,-74.466,GenBank
46.34,-72.907,GenBank
49.736,-74.429,GenBank
45.931,-72.585,GenBank
46.58,-72.412,GenBank
53.762,-77.609,GenBank
46.317,-74.217,GenBank
46.63,-72.044,GenBank
45.34,-72.209,GenBank
46.289,-73.034,GenBank
46.57,-72.384,GenBank
49.814,-74.47,GenBank
45.76,-73.609,GenBank
53.505,-77.718,GenBank
53.57,-77.672,GenBank
47.033,-72.132,GenBank
46.957,-71.273,GenBank
45.405,-72.305,GenBank
48.207,-69.873,GenBank
48.807,-69.857,GenBank
47.508,-79.327,GenBank
45.727,-73.305,GenBank
46.559,-72.415,GenBank
46.542,-72.409,GenBank
45.43,-73.947,GenBank
46.907,-76.907,GenBank
46.226,-73.638,GenBank
48.23,-69.8,GenBank
46.136,-73.736,GenBank
48.552,-71.65,GenBank
47.123,-71.357,GenBank
48.2,-78.66,GenBank
46.899,-71.174,GenBank
53.755,-77.604,GenBank
45.43,-72.616,GenBank
49.748,-74.397,GenBank
46.619,-72.056,GenBank
48.275,-72.194,GenBank
48.59,-78.24,GenBank
46.577,-72.407,GenBank
45.663,-74.242,GenBank
45.485,-74.079,GenBank
48.095,-77.785,GenBank
48.573,-78.207,GenBank
48.584,-78.226,GenBank
46.691,-72.759,GenBank
49.748,-74.391,GenBank
48.323,-69.99,GenBank
48.087,-77.91,GenBank
45.514,-73.823,GenBank
45.759,-73.514,GenBank
45.569,-73.17,GenBank
45.1,-73.762,GenBank
46.224,-74.045,GenBank
45.46,-73.305,GenBank
48.307,-70.007,GenBank
46.862,-71.308,GenBank
46.857,-71.107,GenBank
46.623,-70.49,GenBank
46.285,-73.799,GenBank
47.034,-72.132,GenBank
48.643,-77.988,GenBank
46.223,-74.04,GenBank
45.1,-72.617,GenBank
50.254,-66.321,GenBank
48.59,-78.236,GenBank
48.307,-69.957,GenBank
53.792,-77.625,GenBank
45.76,-73.61,GenBank
46.024,-73.412,GenBank
49.908,-74.205,GenBank
47.423,-70.49,GenBank
45.458,-74.149,GenBank
49.749,-74.397,GenBank
46.195,-73.5,GenBank
46.561,-72.407,GenBank
45.392,-73.993,GenBank
46.739,-71.41,GenBank
46.651,-72.141,GenBank
45.085,-74.115,GenBank
46.555,-72.409,GenBank
48.264,-69.942,GenBank
48.565,-78.113,GenBank
46.686,-73.018,GenBank
48.573,-78.257,GenBank
48.82,-72.83,GenBank
48.096,-77.793,GenBank
47.823,-69.907,GenBank
45.3,-72.317,GenBank
42.63,-81.78,GenBank
44.831,-66.931,GenBank
49.46,-123.11,GenBank
49.353,-123.111,GenBank
49.357,-123.111,GenBank
53.79,-79.075,GenBank
49.896,-64.402,GenBank
49.899,-64.402,GenBank
49.878,-64.181,GenBank
49.831,-64.34,GenBank
49.865,-64.434,GenBank
49.846,-64.426,GenBank
49.843,-64.419,GenBank
49.862,-64.4,GenBank
49.907,-74.194,GenBank
49.788,-74.434,GenBank
44.39,-65.21,GenBank
55.991,-110.905,GenBank
56.276,-111.581,GenBank
55.866,-110.822,GenBank
55.672,-111.209,GenBank
55.832,-110.851,GenBank
56.224,-111.697,GenBank
55.864,-110.815,GenBank
55.867,-112.156,GenBank
56.145,-110.879,GenBank
56.266,-111.47,GenBank
56.392,-111.031,GenBank
48.495,-68.253,GenBank
45.6,-65.4,GenBank
43.606,-81.685,GenBank
44.433,-77.893,GenBank
45.662,-73.908,GenBank
46.919,-71.254,GenBank
46.686,-73.017,GenBank
46.035,-73.715,GenBank
48.547,-54.036,GenBank
45.975,-73.738,GenBank
46.118,-74.583,GenBank
45.968,-74.338,GenBank
45.667,-73.292,GenBank
48.232,-69.779,GenBank
50.272,-66.357,GenBank
45.965,-73.72,GenBank
48.361,-71.136,GenBank
47.017,-76.98,GenBank
48.55,-77.95,GenBank
48.09,-77.788,GenBank
46.636,-72.17,GenBank
48.323,-71.335,GenBank
48.43,-70.956,GenBank
46.953,-71.306,GenBank
46.008,-73.571,GenBank
45.881,-73.163,GenBank
45.34,-73.774,GenBank
45.35,-73.774,GenBank
45.936,-72.588,GenBank
47.834,-69.876,GenBank
46.254,-73.133,GenBank
45.65,-74.948,GenBank
45.393,-74.216,GenBank
46.657,-72.14,GenBank
45.564,-73.57,GenBank
48.356,-54.205,GenBank
46.888,-71.301,GenBank
48.266,-72.197,GenBank
46.79,-71.36,GenBank
46.92,-71.322,GenBank
45.808,-73.781,GenBank
45.458,-73.551,GenBank
46.464,-80.968,GenBank
46.963,-71.303,GenBank
45.47,-74.087,GenBank
46.498,-72.822,GenBank
45.789,-73.769,GenBank
45.085,-74.114,GenBank
45.527,-73.345,GenBank
48.5,-78.2,GenBank
46.554,-72.39,GenBank
48.305,-71.11,GenBank
46.323,-74.225,GenBank
45.51,-73.663,GenBank
45.527,-73.344,GenBank
45.059,-73.61,GenBank
50.168,-66.513,GenBank
45.279,-72.686,GenBank
48.467,-71.263,GenBank
46.042,-73.672,GenBank
46.753,-71.336,GenBank
46.43,-72.451,GenBank
46.703,-72.087,GenBank
46.753,-71.335,GenBank
46.86,-71.196,GenBank
46.327,-72.246,GenBank
46.792,-72.13,GenBank
46.556,-72.414,GenBank
48.442,-70.467,GenBank
46.892,-71.25,GenBank
46.755,-71.32,GenBank
47.032,-72.133,GenBank
42.681,-80.33,GenBank
48.451,-123.302,GenBank
48.819,-124.125,GenBank
50,-118,GenBank
49.382,-123.206,GenBank
48.55,-123.67,GenBank
50.7,-119.28,GenBank
48.59,-124.355,GenBank
49.268,-123.231,GenBank
54.77,-127.17,GenBank
49.697,-117.48,GenBank
48.827,-124.142,GenBank
48.52,-123.42,GenBank
50.67,-115.92,GenBank
50.092,-123.003,GenBank
48.78,-123.12,GenBank
48.87,-123.33,GenBank
49.13,-120.62,GenBank
52.1,-131.22,GenBank
50.83,-118.98,GenBank
52.17,-131.08,GenBank
48.72,-123.32,GenBank
51.82,-117.8,GenBank
52.45,-131.37,GenBank
54.046,-131.892,GenBank
53.1,-131.95,GenBank
50.12,-122.95,GenBank
48.439,-123.416,GenBank
52.2,-131.13,GenBank
52.37,-131.3,GenBank
49.25,-122.9,GenBank
52.42,-131.37,GenBank
54.073,-131.788,GenBank
48.6,-124.38,GenBank
59.418,-126.091,GenBank
48.526,-123.41,GenBank
48.767,-123.167,GenBank
53.243,-131.821,GenBank
50.13,-118.34,GenBank
46.769,-71.202,GenBank
46.757,-71.324,GenBank
45.606,-73.396,GenBank
42.838,-80.121,GenBank
57.931,-124.329,GenBank
54.858,-121.841,GenBank
54.631,-120.94,GenBank
54.436,-120.966,GenBank
56.805,-123.55,GenBank
56.518,-123.686,GenBank
55.963,-123.437,GenBank
46.002,-70.938,GenBank
46.9,-71.28,GenBank
46.789,-71.242,GenBank
46.001,-70.938,GenBank
46.557,-72.414,GenBank
46.543,-72.878,GenBank
46.26,-73.948,GenBank
48.834,-64.68,GenBank
50.181,-61.351,GenBank
46.564,-72.404,GenBank
49.33,-123.17,GenBank
49.35,-123.12,GenBank
49.354,-123.114,GenBank
49.341,-123.102,GenBank
46.56,-72.407,GenBank
46.555,-72.413,GenBank
46.561,-72.415,GenBank
46.545,-72.408,GenBank
46.556,-72.405,GenBank
46.553,-72.409,GenBank
46.562,-72.415,GenBank
46.555,-72.411,GenBank
46.545,-72.409,GenBank
46.549,-72.408,GenBank
46.553,-72.41,GenBank
46.551,-72.41,GenBank
46.56,-72.408,GenBank
46.552,-72.411,GenBank
46.576,-72.415,GenBank
46.556,-72.412,GenBank
46.552,-72.404,GenBank
46.55,-72.408,GenBank
46.577,-72.418,GenBank
46.555,-72.412,GenBank
46.558,-72.409,GenBank
46.818,-72.107,GenBank
46.737,-72.13,GenBank
47.03,-72.124,GenBank
45.429,-73.941,GenBank
46.769,-72.2,GenBank
45.394,-75.513,GenBank
52.837,-118.003,GenBank
50.181,-61.353,GenBank
50.173,-61.437,GenBank
50.182,-61.352,GenBank
50.195,-61.265,GenBank
50.192,-61.27,GenBank
50.182,-61.351,GenBank
50.218,-66.23,GenBank
50.18,-61.353,GenBank
46.572,-72.403,GenBank
50.316,-66.43,GenBank
48.18,-77.722,GenBank
45.383,-72.2,GenBank
45.99,-74.12,GenBank
45.974,-73.177,GenBank
48.45,-70.484,GenBank
45.867,-75.103,GenBank
48.143,-69.678,GenBank
46.506,-73.278,GenBank
48.421,-68.589,GenBank
48.555,-78.228,GenBank
48.857,-66.201,GenBank
49.754,-77.614,GenBank
46.739,-71.39,GenBank
45.864,-73.44,GenBank
48.591,-78.23,GenBank
45.602,-73.682,GenBank
46.752,-71.335,GenBank
45.34,-74.034,GenBank
45.583,-73.75,GenBank
48.553,-78.226,GenBank
48.584,-78.223,GenBank
45.254,-72.302,GenBank
48.321,-70.004,GenBank
50.272,-66.362,GenBank
48.2,-69.859,GenBank
46.953,-71.275,GenBank
46.703,-72.112,GenBank
46.678,-72.107,GenBank
48.083,-65.432,GenBank
46.908,-71.312,GenBank
47,-71.369,GenBank
45.835,-75.088,GenBank
45.402,-74.034,GenBank
46.574,-72.407,GenBank
48.178,-78.671,GenBank
45.837,-75.092,GenBank
45.086,-74.116,GenBank
48.09,-77.805,GenBank
45.47,-74.04,GenBank
50.274,-66.46,GenBank
46.3,-73.096,GenBank
45.684,-74.219,GenBank
45.253,-72.302,GenBank
45.603,-73.682,GenBank
45.434,-73.955,GenBank
48.42,-70.513,GenBank
46.949,-71.283,GenBank
45.446,-72.098,GenBank
45.834,-75.091,GenBank
46.117,-73.6,GenBank
48.57,-78.116,GenBank
45.087,-74.115,GenBank
45.509,-73.553,GenBank
48.295,-69.939,GenBank
45.998,-74.214,GenBank
50.268,-66.319,GenBank
48.822,-67.538,GenBank
45.535,-74.013,GenBank
45.607,-73.76,GenBank
45.602,-73.683,GenBank
48.222,-69.873,GenBank
46.838,-72.211,GenBank
48.495,-71.775,GenBank
45.598,-73.43,GenBank
45.66,-74.249,GenBank
46.665,-72.233,GenBank
48.231,-69.765,GenBank
46.891,-71.291,GenBank
45.434,-73.952,GenBank
46.79,-71.245,GenBank
45.354,-73.774,GenBank
45.198,-72.341,GenBank
45.366,-73.881,GenBank
48.292,-71.154,GenBank
46.545,-72.41,GenBank
46.545,-72.401,GenBank
45.26,-72.37,GenBank
48.556,-78.229,GenBank
48.3,-69.941,GenBank
48.083,-65.433,GenBank
47.512,-79.361,GenBank
45.253,-72.303,GenBank
45.972,-74.341,GenBank
45.248,-72.302,GenBank
45.745,-73.619,GenBank
45.34,-72.282,GenBank
45.658,-74.332,GenBank
46.555,-72.389,GenBank
46.554,-72.411,GenBank
46.569,-72.411,GenBank
46.581,-72.412,GenBank
48.234,-69.794,GenBank
48.332,-70.079,GenBank
50.138,-66.624,GenBank
48.873,-72.217,GenBank
48.211,-70.071,GenBank
45.432,-73.955,GenBank
45.7,-73.638,GenBank
45.777,-73.75,GenBank
45.341,-72.284,GenBank
46.738,-71.412,GenBank
45.341,-72.289,GenBank
48.859,-68.846,GenBank
46.57,-71.212,GenBank
46.754,-71.335,GenBank
46.952,-71.3,GenBank
46.75,-71.31,GenBank
46.557,-72.415,GenBank
46.949,-71.285,GenBank
48.368,-71.12,GenBank
45.403,-74.145,GenBank
45.253,-72.301,GenBank
45.603,-73.681,GenBank
46.769,-70.445,GenBank
45.341,-72.288,GenBank
45.95,-72.538,GenBank
46.081,-73.631,GenBank
45.448,-73.454,GenBank
45.085,-74.176,GenBank
45.442,-74.139,GenBank
46.76,-70.44,GenBank
46.558,-63.698,GenBank
46.412,-63.03,GenBank
48.581,-78.234,GenBank
46.701,-72.231,GenBank
48.835,-64.68,GenBank
46.703,-72.113,GenBank
46.542,-72.877,GenBank
46.017,-73.684,GenBank
51.649,-128.145,GenBank
49.358,-123.114,GenBank
49.356,-123.112,GenBank
49.354,-123.1,GenBank
52.827,-118.91,GenBank
50.602,-122.307,GenBank
52.807,-67.167,GenBank
52.763,-67.11,GenBank
52.798,-67.107,GenBank
52.792,-67.106,GenBank
52.791,-67.096,GenBank
52.789,-67.105,GenBank
52.793,-67.107,GenBank
52.808,-67.17,GenBank
52.85,-67.111,GenBank
52.851,-67.109,GenBank
52.77,-67.106,GenBank
52.742,-67.106,GenBank
52.793,-67.097,GenBank
52.783,-67.102,GenBank
52.779,-67.106,GenBank
51.683,-68.154,GenBank
52.783,-67.101,GenBank
48.433,-70.434,GenBank
47.398,-70.511,GenBank
47.428,-70.494,GenBank
46.583,-72.412,GenBank
46.029,-73.414,GenBank
48.967,-55.54,GenBank
49.8,-119.89,GenBank
46.3,-73.093,GenBank
46.637,-72.174,GenBank
45.394,-73.975,GenBank
46.448,-73.141,GenBank
48.973,-55.539,GenBank
46.899,-71.177,GenBank
46.382,-72.148,GenBank
46.716,-72.671,GenBank
48.275,-69.935,GenBank
46.705,-72.085,GenBank
46.461,-72.368,GenBank
48.513,-79.366,GenBank
46.573,-72.41,GenBank
46.816,-71.319,GenBank
46.56,-72.414,GenBank
46.954,-71.298,GenBank
47.069,-71.54,GenBank
48.609,-78.121,GenBank
46.741,-71.408,GenBank
48.232,-69.782,GenBank
48.417,-77.947,GenBank
46.543,-72.877,GenBank
46.898,-71.313,GenBank
47.002,-71.203,GenBank
48.518,-79.301,GenBank
46.755,-71.326,GenBank
46.9,-71.285,GenBank
49.212,-123.064,GenBank
49.258,-123.229,GenBank
46.793,-71.364,GenBank
46.757,-71.322,GenBank
47.992,-68.173,GenBank
46.454,-72.731,GenBank
48.417,-70.51,GenBank
46.776,-71.405,GenBank
46.854,-71.126,GenBank
46.83,-71.46,GenBank
48.153,-69.667,GenBank
46.756,-71.319,GenBank
46.454,-72.73,GenBank
46.772,-71.175,GenBank
46.783,-71.268,GenBank
46.839,-72.211,GenBank
45.792,-73.763,GenBank
46.03,-71.684,GenBank
48.579,-78.101,GenBank
45.406,-73.483,GenBank
47.067,-70.796,GenBank
47.117,-71.358,GenBank
46.437,-72.409,GenBank
46.751,-71.31,GenBank
48.262,-69.945,GenBank
45.749,-73.615,GenBank
46.786,-71.338,GenBank
46.564,-72.415,GenBank
46.772,-71.177,GenBank
46.794,-71.364,GenBank
45.998,-70.886,GenBank
46.569,-72.42,GenBank
48.336,-70.043,GenBank
46.769,-71.696,GenBank
46.794,-71.366,GenBank
48.159,-69.669,GenBank
46.76,-71.224,GenBank
48.441,-70.467,GenBank
46.695,-72.109,GenBank
46.574,-72.406,GenBank
48.234,-69.797,GenBank
46.823,-71.444,GenBank
45.09,-72.66,GenBank
46.738,-71.411,GenBank
46.676,-72.219,GenBank
46.573,-72.406,GenBank
48.199,-69.857,GenBank
46.949,-71.284,GenBank
46.741,-71.202,GenBank
46.583,-72.413,GenBank
46.567,-72.428,GenBank
46.812,-72.127,GenBank
46.563,-72.405,GenBank
48.396,-70.242,GenBank
46.731,-72.191,GenBank
46.45,-72.738,GenBank
46.713,-71.198,GenBank
45.516,-73.826,GenBank
45.429,-73.945,GenBank
45.432,-73.948,GenBank
46.715,-72.669,GenBank
46.03,-73.413,GenBank
46.894,-71.161,GenBank
46.963,-71.131,GenBank
46.445,-72.74,GenBank
46.809,-71.357,GenBank
46.552,-71.227,GenBank
48.095,-77.777,GenBank
46.547,-72.404,GenBank
46.552,-72.417,GenBank
46.546,-72.408,GenBank
46.565,-72.414,GenBank
48.415,-77.773,GenBank
46.772,-71.174,GenBank
45.659,-74.244,GenBank
46.554,-72.41,GenBank
45.66,-74.247,GenBank
46.839,-72.212,GenBank
46.759,-71.326,GenBank
46.871,-71.646,GenBank
48.15,-69.736,GenBank
48.553,-78.224,GenBank
46.898,-71.262,GenBank
48.15,-69.669,GenBank
46.898,-71.267,GenBank
46.954,-71.302,GenBank
48.315,-70.003,GenBank
46.836,-71.213,GenBank
46.95,-71.3,GenBank
45.534,-74.013,GenBank
46.907,-71.312,GenBank
45.761,-73.609,GenBank
46.901,-71.174,GenBank
48.564,-78.107,GenBank
48.433,-68.449,GenBank
48.217,-69.872,GenBank
46.946,-71.298,GenBank
48.681,-77.968,GenBank
46.882,-71.921,GenBank
47.827,-69.89,GenBank
46.922,-71.742,GenBank
48.603,-78.284,GenBank
46.89,-71.248,GenBank
46.847,-71.271,GenBank
46.902,-71.257,GenBank
46.635,-72.035,GenBank
48.583,-78.223,GenBank
48.579,-78.218,GenBank
48.558,-78.233,GenBank
46.791,-72.131,GenBank
46.903,-71.277,GenBank
47.033,-72.133,GenBank
46.95,-71.299,GenBank
46.899,-71.328,GenBank
46.889,-71.305,GenBank
46.762,-71.459,GenBank
46.909,-71.309,GenBank
47.495,-79.316,GenBank
46.893,-71.252,GenBank
46.916,-71.325,GenBank
46.91,-71.23,GenBank
48.09,-77.784,GenBank
48.849,-64.369,GenBank
46.839,-72.213,GenBank
46.901,-71.276,GenBank
46.807,-71.433,GenBank
46.545,-72.398,GenBank
46.901,-71.176,GenBank
46.948,-71.295,GenBank
46.9,-71.31,GenBank
46.715,-72.67,GenBank
46.896,-71.259,GenBank
48.215,-69.875,GenBank
48.182,-77.721,GenBank
46.895,-71.345,GenBank
46.68,-72.05,GenBank
46.913,-71.233,GenBank
46.889,-71.303,GenBank
46.946,-71.297,GenBank
46.642,-72.054,GenBank
46.677,-72.216,GenBank
46.446,-72.74,GenBank
57.229,-130.134,GenBank
49.358,-123.112,GenBank
49.355,-123.112,GenBank
49.354,-123.113,GenBank
52.481,-120.952,GenBank
45.534,-74.207,GenBank
45.866,-75.11,GenBank
46.965,-71.308,GenBank
45.707,-73.677,GenBank
47.051,-71.494,GenBank
45.782,-73.65,GenBank
45.861,-74.359,GenBank
45.836,-75.091,GenBank
46.87,-71.345,GenBank
45.499,-73.999,GenBank
46.95,-71.285,GenBank
45.612,-73.761,GenBank
45.843,-75.093,GenBank
45.493,-74.012,GenBank
46.789,-71.238,GenBank
45.967,-73.728,GenBank
46.893,-71.261,GenBank
46.495,-73.189,GenBank
49.757,-77.616,GenBank
45.927,-74.351,GenBank
45.74,-73.633,GenBank
45.688,-73.749,GenBank
45.661,-74.247,GenBank
46.964,-71.306,GenBank
45.395,-73.392,GenBank
46.553,-72.411,GenBank
47.111,-71.367,GenBank
45.831,-75.091,GenBank
46.91,-71.273,GenBank
45.409,-73.471,GenBank
46.9,-71.328,GenBank
46.581,-72.413,GenBank
47.111,-71.368,GenBank
45.76,-73.622,GenBank
46.964,-71.127,GenBank
45.611,-73.394,GenBank
46.871,-71.641,GenBank
45.837,-75.089,GenBank
45.462,-74.056,GenBank
45.836,-75.09,GenBank
45.463,-74.055,GenBank
45.807,-73.605,GenBank
46.889,-71.304,GenBank
46.545,-72.405,GenBank
46.714,-72.67,GenBank
46.764,-71.695,GenBank
46.777,-71.252,GenBank
45.808,-73.606,GenBank
45.468,-74.051,GenBank
46.951,-71.304,GenBank
46.894,-71.271,GenBank
45.609,-71.952,GenBank
45.431,-73.955,GenBank
45.427,-73.954,GenBank
45.955,-73.73,GenBank
45.501,-73.606,GenBank
45.473,-74.048,GenBank
45.86,-74.356,GenBank
50.181,-61.352,GenBank
46.017,-73.682,GenBank
45.473,-74.04,GenBank
50.176,-61.428,GenBank
45.809,-73.603,GenBank
45.494,-73.998,GenBank
46.909,-71.31,GenBank
45.085,-74.116,GenBank
54.117,-118.067,GenBank
53.719,-78.641,GenBank
58.112,-125.695,GenBank
57.007,-124.218,GenBank
49.108,-66.498,GenBank
49.543,-115,GenBank
57.591,-127.56,GenBank
57.293,-127.203,GenBank
57.085,-127.226,GenBank
